	filename	date	authors	genres	names	topics	multiple_authors	leader_in_authors	is_written_text	addressed_to_people	regular_occasion	has_major_topic
0	1894.10.20_николай ii_манифест_о восшествии на престол	1894.10.20	['николай ii']	['манифест']	['о восшествии на престол']	['о восшествии на престол']	False	True	True	True	False	False
1	1896.01.01_николай ii_манифест_коронование	1896.01.01	['николай ii']	['манифест']	['коронование']	['коронование']	False	True	True	True	False	False
2	1899.02.03_николай ii_манифест_законы княжества финляндского	1899.02.03	['николай ii']	['манифест']	['законы княжества финляндского']	['законы княжества финляндского']	False	True	True	True	False	False
3	1903.02.26_николай ii_манифест_усовершенствование государственной власти	1903.02.26	['николай ii']	['манифест']	['усовершенствование государственной власти']	['усовершенствование государственной власти']	False	True	True	True	False	False
4	1904.01.27_николай ii_манифест_об открытии военных действий против японии_русско японская война 1904	1904.01.27	['николай ii']	['манифест']	['об открытии военных действий против японии']	['русско японская война 1904']	False	True	True	True	False	True
5	1904.12.12_николай ii_указ_о предначертаниях к усовершенствованию государственного порядка	1904.12.12	['николай ii']	['указ']	['о предначертаниях к усовершенствованию государственного порядка']	['о предначертаниях к усовершенствованию государственного порядка']	False	True	True	False	False	False
6	1905.08.06_николай ii_манифест_учреждение госдумы 1	1905.08.06	['николай ii']	['манифест']	['учреждение госдумы 1']	['учреждение госдумы 1']	False	True	True	True	False	False
7	1905.10.17_николай ii_манифест_об усовершенствовании государственного порядка_революция 1905	1905.10.17	['николай ii']	['манифест']	['об усовершенствовании государственного порядка']	['революция 1905']	False	True	True	True	False	True
8	1906.07.06_николай ii_манифест_роспуск думы 1	1906.07.06	['николай ii']	['манифест']	['роспуск думы 1']	['роспуск думы 1']	False	True	True	True	False	False
9	1907.06.03_николай ii_манифест_роспуск думы 2	1907.06.03	['николай ii']	['манифест']	['роспуск думы 2']	['роспуск думы 2']	False	True	True	True	False	False
10	1914.07.20_николай ii_манифест_об объявлении военных действий между россией и германией_1 мировая война	1914.07.20	['николай ii']	['манифест']	['об объявлении военных действий между россией и германией']	['1 мировая война']	False	True	True	True	False	True
11	1914.08.01_николай ii_воззвание_воззвание к полякам_1 мировая война	1914.08.01	['николай ii']	['воззвание']	['воззвание к полякам']	['1 мировая война']	False	True	True	True	False	True
12	1914.10.20_николай ii_манифест_об объявлении войны турции_1 мировая война	1914.10.20	['николай ii']	['манифест']	['об объявлении войны турции']	['1 мировая война']	False	True	True	True	False	True
13	1917.03.02_николай ii_манифест_отречение	1917.03.02	['николай ii']	['манифест']	['отречение']	['отречение']	False	True	True	True	False	False
14	1917.03.03_временное правительство_декларация.обращение к гражданам_декларация о составе и задачах	1917.03.03	['временное правительство']	['декларация', 'обращение к гражданам']	['декларация о составе и задачах']	['декларация о составе и задачах']	True	False	True	True	False	False
15	1917.03.03_временное правительство_телеграмма.за границу_о взятии власти	1917.03.03	['временное правительство']	['телеграмма', 'за границу']	['о взятии власти']	['о взятии власти']	True	False	True	False	False	False
16	1917.03.06_временное правительство_обращение к гражданам.письменное_создание временного правительства	1917.03.06	['временное правительство']	['обращение к гражданам', 'письменное']	['создание временного правительства']	['создание временного правительства']	True	False	True	True	False	False
17	1917.03.22_временное правительство_постановление.власть_об отмене вероисповедных и национальных ограничений	1917.03.22	['временное правительство']	['постановление', 'власть']	['об отмене вероисповедных и национальных ограничений']	['об отмене вероисповедных и национальных ограничений']	True	False	True	False	False	False
18	1917.04.12_временное правительство_постановление.власть_о собраниях и союзах	1917.04.12	['временное правительство']	['постановление', 'власть']	['о собраниях и союзах']	['о собраниях и союзах']	True	False	True	False	False	False
19	1917.06.09_временное правительство_постановление_форма присяги гражданина	1917.06.09	['временное правительство']	['постановление']	['форма присяги гражданина']	['форма присяги гражданина']	True	False	True	False	False	False
20	1917.07.12_временное правительство_постановление_о введении военно революционных судов_1 мировая война	1917.07.12	['временное правительство']	['постановление']	['о введении военно революционных судов']	['1 мировая война']	True	False	True	False	False	True
21	1917.07.14_временное правительство_постановление_о свободе совести	1917.07.14	['временное правительство']	['постановление']	['о свободе совести']	['о свободе совести']	True	False	True	False	False	False
22	1917.09.01_временное правительство_постановление_о провозглашении республики	1917.09.01	['временное правительство']	['постановление']	['о провозглашении республики']	['о провозглашении республики']	True	False	True	False	False	False
23	1917.11.07_военно революционный комитет_обращение к гражданам_низложение временного правительства	1917.11.07	['военно революционный комитет']	['обращение к гражданам']	['низложение временного правительства']	['низложение временного правительства']	True	False	True	True	False	False
24	1917.11.07_съезд советов.съезд советов 2_обращение к гражданам_революция	1917.11.07	['съезд советов', 'съезд советов 2']	['обращение к гражданам']	['революция']	['революция']	True	False	True	True	False	False
25	1917.11.08_съезд советов.съезд советов 2_декрет.постановление_о переходе власти к советам_октябрьская революция	1917.11.08	['съезд советов', 'съезд советов 2']	['декрет', 'постановление']	['о переходе власти к советам']	['октябрьская революция']	True	False	True	False	False	True
26	1917.11.08_съезд советов.съезд советов 2_декрет_о земле	1917.11.08	['съезд советов', 'съезд советов 2']	['декрет']	['о земле']	['о земле']	True	False	True	False	False	False
27	1917.11.08_съезд советов.съезд советов 2_декрет_о мире	1917.11.08	['съезд советов', 'съезд советов 2']	['декрет']	['о мире']	['о мире']	True	False	True	False	False	False
28	1917.11.08_съезд советов.съезд советов 2_декрет_создание рабочего и крестьянского правительства	1917.11.08	['съезд советов', 'съезд советов 2']	['декрет']	['создание рабочего и крестьянского правительства']	['создание рабочего и крестьянского правительства']	True	False	True	False	False	False
29	1917.11.08_съезд советов.съезд советов 2_обращение_к казакам	1917.11.08	['съезд советов', 'съезд советов 2']	['обращение']	['к казакам']	['к казакам']	True	False	True	True	False	False
30	1917.11.09_ленин.правительство_обращение_обращение всем советам рабочим и крестьянам об избрании вцик	1917.11.09	['ленин', 'правительство']	['обращение']	['обращение всем советам рабочим и крестьянам об избрании вцик']	['обращение всем советам рабочим и крестьянам об избрании вцик']	True	True	True	True	True	False
31	1917.11.09_ленин_декрет_о печати	1917.11.09	['ленин']	['декрет']	['о печати']	['о печати']	False	True	True	False	False	False
32	1917.11.11_снк.ларин_декрет_о рабочем графике	1917.11.11	['снк', 'ларин']	['декрет']	['о рабочем графике']	['о рабочем графике']	True	False	True	False	False	False
33	1917.11.12_ленин_декрет_о порядке утверждения и опубликования законов	1917.11.12	['ленин']	['декрет']	['о порядке утверждения и опубликования законов']	['о порядке утверждения и опубликования законов']	False	True	True	False	False	False
34	1917.11.15_ленин.сталин_декларация_декларация прав народов России	1917.11.15	['ленин', 'сталин']	['декларация']	['декларация прав народов России']	['декларация прав народов России']	True	True	True	False	False	False
35	1917.11.17_вцик_резолюция_по вопросу о печати_о печати	1917.11.17	['вцик']	['резолюция']	['по вопросу о печати']	['о печати']	True	False	True	False	False	True
36	1917.11.18_ленин_обращение.письменное_обращение председателя снк к населению.победа революции в петрограде_октябрьская революция	1917.11.18	['ленин']	['обращение', 'письменное']	['обращение председателя снк к населению', 'победа революции в петрограде']	['октябрьская революция']	False	True	True	True	False	True
37	1917.11.21_вцик_резолюция_о борьбе с саботажем в госбанке	1917.11.21	['вцик']	['резолюция']	['о борьбе с саботажем в госбанке']	['о борьбе с саботажем в госбанке']	True	False	True	False	False	False
38	1917.11.24_вцик.ленин.свердлов.бонч бруевич.горбунов_декрет_об уничтожении сословий	1917.11.24	['вцик', 'ленин', 'свердлов', 'бонч бруевич', 'горбунов']	['декрет']	['об уничтожении сословий']	['об уничтожении сословий']	True	True	True	False	False	False
39	1917.11.27_ленин.шляпников.бонч бруевич.горбунов_положение_о рабочем контроле	1917.11.27	['ленин', 'шляпников', 'бонч бруевич', 'горбунов']	['положение']	['о рабочем контроле']	['о рабочем контроле']	True	True	True	False	False	False
40	1917.11.27_ленин_обращение_обращение к народам воюющих стран	1917.11.27	['ленин']	['обращение']	['обращение к народам воюющих стран']	['обращение к народам воюющих стран']	False	True	True	True	False	False
41	1917.12.03_ленин.сталин_обращение_обращение к мусульманам России	1917.12.03	['ленин', 'сталин']	['обращение']	['обращение к мусульманам России']	['обращение к мусульманам России']	True	True	True	True	False	False
42	1917.12.08_снк_обращение_обращение ко всему населению_обращение к населению.борьба с контрреволюционным восстанием	1917.12.08	['снк']	['обращение']	['обращение ко всему населению']	['обращение к населению', 'борьба с контрреволюционным восстанием']	True	False	True	True	False	True
43	1917.12.17_снк_манифест_к украинскому народу с ультимативными требованиями к центральной раде	1917.12.17	['снк']	['манифест']	['к украинскому народу с ультимативными требованиями к центральной раде']	['к украинскому народу с ультимативными требованиями к центральной раде']	True	False	True	True	False	False
44	1917.12.20_снк_постановление_о создании вчк	1917.12.20	['снк']	['постановление']	['о создании вчк']	['о создании вчк']	True	False	True	False	False	False
45	1917.12.21_вцик_воззвание_воззвание вцик и других организаций к украинским рабочим солдатам крестьянам ко всему украинскому народу	1917.12.21	['вцик']	['воззвание']	['воззвание вцик и других организаций к украинским рабочим солдатам крестьянам ко всему украинскому народу']	['воззвание вцик и других организаций к украинским рабочим солдатам крестьянам ко всему украинскому народу']	True	False	True	True	False	False
46	1917.12.21_вцик_воззвание_воззвание к трудящимся всех стран	1917.12.21	['вцик']	['воззвание']	['воззвание к трудящимся всех стран']	['воззвание к трудящимся всех стран']	True	False	True	True	False	False
47	1917.12.22_ленин.другие_обращение.постановление_ко всему трудовому казачеству.отмена обязательной воинской повинности и других льготах казакам	1917.12.22	['ленин', 'другие']	['обращение', 'постановление']	['ко всему трудовому казачеству', 'отмена обязательной воинской повинности и других льготах казакам']	['ко всему трудовому казачеству', 'отмена обязательной воинской повинности и других льготах казакам']	True	True	True	True	False	False
48	1917.12.22_снк_обращение_обращение ко всем товарищам рабочим России в связи с демобилизацией промышленности	1917.12.22	['снк']	['обращение']	['обращение ко всем товарищам рабочим России в связи с демобилизацией промышленности']	['обращение ко всем товарищам рабочим России в связи с демобилизацией промышленности']	True	False	True	True	False	False
49	1917.12.24_ленин.сталин_инструкция_о правах советов	1917.12.24	['ленин', 'сталин']	['инструкция']	['о правах советов']	['о правах советов']	True	True	True	False	True	False
50	1917.12.27_вцик_декрет_о национализации банков	1917.12.27	['вцик']	['декрет']	['о национализации банков']	['о национализации банков']	True	False	True	False	False	False
51	1917.12.29_ленин.снк_декрет_об уравнении всех военнослужащих в правах	1917.12.29	['ленин', 'снк']	['декрет']	['об уравнении всех военнослужащих в правах']	['об уравнении всех военнослужащих в правах']	True	True	True	False	False	False
52	1918.01.16_вцик_декларация_декларация прав трудящихся	1918.01.16	['вцик']	['декларация']	['декларация прав трудящихся']	['декларация прав трудящихся']	True	False	True	False	False	False
53	1918.01.19_вцик_декрет_о роспуске учредительного собрания	1918.01.19	['вцик']	['декрет']	['о роспуске учредительного собрания']	['о роспуске учредительного собрания']	True	False	True	False	False	False
54	1918.01.23_съезд советов.съезд советов 3_телеграмма_телеграмма иностранным пролетарским организациям.приветствие иностранным пролетарским организациям	1918.01.23	['съезд советов', 'съезд советов 3']	['телеграмма']	['телеграмма иностранным пролетарским организациям', 'приветствие иностранным пролетарским организациям']	['телеграмма иностранным пролетарским организациям', 'приветствие иностранным пролетарским организациям']	True	False	True	False	False	False
55	1918.01.25_съезд советов.съезд советов 3_декларация_декларация прав трудящегося и эксплуатируемого народа	1918.01.25	['съезд советов', 'съезд советов 3']	['декларация']	['декларация прав трудящегося и эксплуатируемого народа']	['декларация прав трудящегося и эксплуатируемого народа']	True	False	True	False	False	False
56	1918.01.28_ленин.другие_декрет_об организации красной армии	1918.01.28	['ленин', 'другие']	['декрет']	['об организации красной армии']	['об организации красной армии']	True	True	True	False	False	False
57	1918.01.28_съезд советов.съезд советов 3_резолюция_о политике снк по национальному вопросу	1918.01.28	['съезд советов', 'съезд советов 3']	['резолюция']	['о политике снк по национальному вопросу']	['о политике снк по национальному вопросу']	True	False	True	False	False	False
58	1918.01.29_съезд советов.съезд советов 3_обращение_обращение к трудовому казачеству	1918.01.29	['съезд советов', 'съезд советов 3']	['обращение']	['обращение к трудовому казачеству']	['обращение к трудовому казачеству']	True	False	True	True	False	False
59	1918.01.31_съезд советов.съезд советов 3_постановление_о новом наименовании верховной гос власти	1918.01.31	['съезд советов', 'съезд советов 3']	['постановление']	['о новом наименовании верховной гос власти']	['о новом наименовании верховной гос власти']	True	False	True	False	False	False
60	1918.02.02_ленин.снк_декрет_о свободе совести церковных и религиозных обществах	1918.02.02	['ленин', 'снк']	['декрет']	['о свободе совести церковных и религиозных обществах']	['о свободе совести церковных и религиозных обществах']	True	True	True	False	False	False
61	1918.02.02_ленин.снк_декрет_об отделении церкви от государства и церкви от школы	1918.02.02	['ленин', 'снк']	['декрет']	['об отделении церкви от государства и церкви от школы']	['об отделении церкви от государства и церкви от школы']	True	True	True	False	False	False
62	1918.02.05_ленин.снк_декрет_о конфискации активов бывших частных банков	1918.02.05	['ленин', 'снк']	['декрет']	['о конфискации активов бывших частных банков']	['о конфискации активов бывших частных банков']	True	True	True	False	False	False
63	1918.02.06_ленин.снк_декрет_о введении западноевропейского календаря	1918.02.06	['ленин', 'снк']	['декрет']	['о введении западноевропейского календаря']	['о введении западноевропейского календаря']	True	True	True	False	False	False
64	1918.02.10_снк_декрет_о революционном трибунале печати	1918.02.10	['снк']	['декрет']	['о революционном трибунале печати']	['о революционном трибунале печати']	True	False	True	False	False	False
65	1918.02.13_снк_постановление_постановление об образовании чрезвычайной комиссии по продовольствию	1918.02.13	['снк']	['постановление']	['постановление об образовании чрезвычайной комиссии по продовольствию']	['постановление об образовании чрезвычайной комиссии по продовольствию']	True	False	True	False	False	False
66	1918.02.14_вцик_резолюция.призыв_одобрение доклада мирной делегации.создание красной армии_брестский мир.1 мировая война	1918.02.14	['вцик']	['резолюция', 'призыв']	['одобрение доклада мирной делегации', 'создание красной армии']	['брестский мир', '1 мировая война']	True	False	True	False	False	True
67	1918.02.21_снк_декрет_социалистическое отечество в опасности	1918.02.21	['снк']	['декрет']	['социалистическое отечество в опасности']	['социалистическое отечество в опасности']	True	False	True	False	False	False
68	1918.02.21_снк_обращение_к трудящемуся населению всей россии_красная армия	1918.02.21	['снк']	['обращение']	['к трудящемуся населению всей россии']	['красная армия']	True	False	True	True	False	True
69	1918.03.07_ленин_выступление.отчет.доклад_политический отчет цк_съезд ркпб 7	1918.03.07	['ленин']	['выступление', 'отчет', 'доклад']	['политический отчет цк']	['съезд ркпб 7']	False	True	False	False	True	True
70	1918.03.08_ленин ркпб 7_резолюция.фрагмент_о войне и мире.съезд ркпб 7	1918.03.08	['ленин ркпб 7']	['резолюция', 'фрагмент']	['о войне и мире', 'съезд ркпб 7']	['о войне и мире', 'съезд ркпб 7']	True	False	True	False	True	False
71	1918.03.08_ленин_выступление.фрагмент_вопрос о брестском мире_съезд ркпб 7.брестский мир.1 мировая война	1918.03.08	['ленин']	['выступление', 'фрагмент']	['вопрос о брестском мире']	['съезд ркпб 7', 'брестский мир', '1 мировая война']	False	True	False	False	True	True
72	1918.03.15_ленин.снк_постановление_о ратификации брест литовского мирного договора_брестский мир.1 мировая война	1918.03.15	['ленин', 'снк']	['постановление']	['о ратификации брест литовского мирного договора']	['брестский мир', '1 мировая война']	True	True	True	False	False	True
73	1918.03.16_съезд советов.съезд советов 3_постановление_о перенесении столицы из петрограда в москву	1918.03.16	['съезд советов', 'съезд советов 3']	['постановление']	['о перенесении столицы из петрограда в москву']	['о перенесении столицы из петрограда в москву']	True	False	True	False	False	False
74	1918.04.03_снк_резолюция_в связи с объявлением украинской народной республики	1918.04.03	['снк']	['резолюция']	['в связи с объявлением украинской народной республики']	['в связи с объявлением украинской народной республики']	True	False	True	False	False	False
75	1918.04.05_снк_сообщение_о начале японской интервенции_интервенция	1918.04.05	['снк']	['сообщение']	['о начале японской интервенции']	['интервенция']	True	False	True	False	False	True
76	1918.04.12_ленин.снк_декрет_о памятниках республики	1918.04.12	['ленин', 'снк']	['декрет']	['о памятниках республики']	['о памятниках республики']	True	True	True	False	False	False
77	1918.04.16_ленин снк_декрет_об организации управления почтово телеграфным делом	1918.04.16	['ленин снк']	['декрет']	['об организации управления почтово телеграфным делом']	['об организации управления почтово телеграфным делом']	True	False	True	False	False	False
78	1918.04.22_вцик_декрет_об обязательном обучении военному искусству_срочная служба	1918.04.22	['вцик']	['декрет']	['об обязательном обучении военному искусству']	['срочная служба']	True	False	True	False	False	True
79	1918.04.22_вцик_формула обещания_формула обещания воинов красной армии_срочная служба	1918.04.22	['вцик']	['формула обещания']	['формула обещания воинов красной армии']	['срочная служба']	True	False	False	False	False	True
80	1918.04.22_ленин.сталин_телеграмма_телеграмма съезду советов туркестана о поддержке автономии туркестана на советских началах	1918.04.22	['ленин', 'сталин']	['телеграмма']	['телеграмма съезду советов туркестана о поддержке автономии туркестана на советских началах']	['телеграмма съезду советов туркестана о поддержке автономии туркестана на советских началах']	True	True	True	False	True	False
81	1918.04.26_вцик_обращение_обращение ко всем советам о принятии мер к организации первомая_первомай	1918.04.26	['вцик']	['обращение']	['обращение ко всем советам о принятии мер к организации первомая']	['первомай']	True	False	True	True	False	True
82	1918.04.30_вцик_обращение_обращение к рабочим и крестьянам гражданам рсфср_первомай	1918.04.30	['вцик']	['обращение']	['обращение к рабочим и крестьянам гражданам рсфср']	['первомай']	True	False	True	True	False	True
83	1918.05.06_вцик_предписание.положение_предписание советам руководствоваться положениями ленина	1918.05.06	['вцик']	['предписание', 'положение']	['предписание советам руководствоваться положениями ленина']	['предписание советам руководствоваться положениями ленина']	True	False	True	False	True	False
84	1918.05.13_вцик.моссовет_резолюция_о докладе лениа_внешняя политика	1918.05.13	['вцик', 'моссовет']	['резолюция']	['о докладе лениа']	['внешняя политика']	True	False	True	False	False	True
85	1918.05.13_ленин.снк.вцик_декрет_о чрезвычайных полномочиях наркома по продовольствию	1918.05.13	['ленин', 'снк', 'вцик']	['декрет']	['о чрезвычайных полномочиях наркома по продовольствию']	['о чрезвычайных полномочиях наркома по продовольствию']	True	True	True	False	False	False
86	1918.05.20_вцик_резолюция_резолюция по докладу свердлова_задачи советов в деревне	1918.05.20	['вцик']	['резолюция']	['резолюция по докладу свердлова']	['задачи советов в деревне']	True	False	True	False	True	True
87	1918.05.21_ленин_обращение_к питерским рабочим_организация продотрядов	1918.05.21	['ленин']	['обращение']	['к питерским рабочим']	['организация продотрядов']	False	True	True	True	False	True
88	1918.05.22_цк ркпб.ркпб 7_письмо.циркулярное письмо_об укреплении рядов ркпб	1918.05.22	['цк ркпб', 'ркпб 7']	['письмо', 'циркулярное письмо']	['об укреплении рядов ркпб']	['об укреплении рядов ркпб']	True	False	True	False	False	False
89	1918.05.29_вцик_постановление_о переходе к всеобщей мобилизации_мобилизация	1918.05.29	['вцик']	['постановление']	['о переходе к всеобщей мобилизации']	['мобилизация']	True	False	True	False	False	True
90	1918.05.29_ленин.снк_обращение.обращение к населению_о борьбе с голодом_голод	1918.05.29	['ленин', 'снк']	['обращение', 'обращение к населению']	['о борьбе с голодом']	['голод']	True	True	True	True	False	True
91	1918.05.30_ленин.снк_обращение.обращение к населению_о положении на продовольственном фронте и о борьбе с контрреволюцией	1918.05.30	['ленин', 'снк']	['обращение', 'обращение к населению']	['о положении на продовольственном фронте и о борьбе с контрреволюцией']	['о положении на продовольственном фронте и о борьбе с контрреволюцией']	True	True	True	True	False	False
92	1918.05.30_ленин.снк_обращение_обращение к трудовым казакам дона и кубани о борьбе с контрреволюцией_борьба с контрреволюцией	1918.05.30	['ленин', 'снк']	['обращение']	['обращение к трудовым казакам дона и кубани о борьбе с контрреволюцией']	['борьба с контрреволюцией']	True	True	True	True	False	True
93	1918.06.03_ленин_декрет_о национализации третьяковки национализация	1918.06.03	['ленин']	['декрет']	['о национализации третьяковки национализация']	['о национализации третьяковки национализация']	False	True	True	False	False	False
94	1918.06.04_вцик.моссовет.профсоюзы_резолюция_резолюция по докладу ленина_голод	1918.06.04	['вцик', 'моссовет', 'профсоюзы']	['резолюция']	['резолюция по докладу ленина']	['голод']	True	False	True	False	False	True
95	1918.06.13_ленин.снк_декрет_о национализации имущества императорского дома_николай ii.национализация	1918.06.13	['ленин', 'снк']	['декрет']	['о национализации имущества императорского дома']	['николай ii', 'национализация']	True	True	True	False	False	True
96	1918.06.14_вцик_постановление_исключение из вцик и советов сров и меньшевиков	1918.06.14	['вцик']	['постановление']	['исключение из вцик и советов сров и меньшевиков']	['исключение из вцик и советов сров и меньшевиков']	True	False	True	False	True	False
97	1918.06.22_ленин.снк_воззвание_воззвание к железнодорожникам_забастовки	1918.06.22	['ленин', 'снк']	['воззвание']	['воззвание к железнодорожникам']	['забастовки']	True	True	True	True	False	True
98	1918.07.01_ленин.снк_положение_об объявлении врагом народа председателя мурманского совета	1918.07.01	['ленин', 'снк']	['положение']	['об объявлении врагом народа председателя мурманского совета']	['об объявлении врагом народа председателя мурманского совета']	True	True	True	False	True	False
99	1918.07.06_снк_сообщение.правительственное сообщение_убийство германского посла	1918.07.06	['снк']	['сообщение', 'правительственное сообщение']	['убийство германского посла']	['убийство германского посла']	True	False	False	True	False	False
100	1918.07.07_снк_сообщение.правительственное сообщение_о принятии мер для подавления мятежа сров_мятеж сров	1918.07.07	['снк']	['сообщение', 'правительственное сообщение']	['о принятии мер для подавления мятежа сров']	['мятеж сров']	True	False	False	True	False	True
101	1918.07.08_снк_сообщение.правительственное сообщение_о ликвидации контрреволюционного восстания_мятеж сров	1918.07.08	['снк']	['сообщение', 'правительственное сообщение']	['о ликвидации контрреволюционного восстания']	['мятеж сров']	True	False	False	True	False	True
102	1918.07.10_съезд советов.съезд советов 5_постановление_организация красной армии	1918.07.10	['съезд советов', 'съезд советов 5']	['постановление']	['организация красной армии']	['организация красной армии']	True	False	True	False	False	False
103	1918.07.25_ленин.снк_постановление_о борьбе с антисемитизмом и еврейскими погромами_борьба с антисемитизмом	1918.07.25	['ленин', 'снк']	['постановление']	['о борьбе с антисемитизмом и еврейскими погромами']	['борьба с антисемитизмом']	True	True	True	False	False	True
104	1918.09.05_снк_постановление_о красном терроре	1918.09.05	['снк']	['постановление']	['о красном терроре']	['о красном терроре']	True	False	True	False	False	False
105	1918.10.10_ленин.снк_декрет_о новой орфографии	1918.10.10	['ленин', 'снк']	['декрет']	['о новой орфографии']	['о новой орфографии']	True	True	True	False	False	False
106	1918.11.08_съезд советов.съезд советов 6_постановление_о революционной законности	1918.11.08	['съезд советов', 'съезд советов 6']	['постановление']	['о революционной законности']	['о революционной законности']	True	False	True	False	False	False
107	1918.11.09_съезд советов.съезд советов 6_постановление_о строительстве советской власти в центре комитетах бедноты и советах на местах	1918.11.09	['съезд советов', 'съезд советов 6']	['постановление']	['о строительстве советской власти в центре комитетах бедноты и советах на местах']	['о строительстве советской власти в центре комитетах бедноты и советах на местах']	True	False	True	False	True	False
108	1918.12.10_ленин.снк_декрет_о мобилизации грамотных и организации пропаганды советского строя_пропаганда	1918.12.10	['ленин', 'снк']	['декрет']	['о мобилизации грамотных и организации пропаганды советского строя']	['пропаганда']	True	True	True	False	False	True
109	1918.12.19_ленин.снк_декрет_о запрещении устройства лотерей	1918.12.19	['ленин', 'снк']	['декрет']	['о запрещении устройства лотерей']	['о запрещении устройства лотерей']	True	True	True	False	False	False
110	1919.01.04_ленин.снк_постановление_об учреждении совета защиты детей	1919.01.04	['ленин', 'снк']	['постановление']	['об учреждении совета защиты детей']	['об учреждении совета защиты детей']	True	True	True	False	True	False
111	1919.03.18_ленин_выступление.отчет.фрагмент_отчет цк_съезд ркпб 8	1919.03.18	['ленин']	['выступление', 'отчет', 'фрагмент']	['отчет цк']	['съезд ркпб 8']	False	True	False	False	True	True
112	1919.03.18_ленин_выступление.фрагмент_о деятельности федерации иностранных групп_съезд ркпб 8	1919.03.18	['ленин']	['выступление', 'фрагмент']	['о деятельности федерации иностранных групп']	['съезд ркпб 8']	False	True	False	False	True	True
113	1919.03.18_цк ркпб.съезд ркпб 8.бюро мусульманских организаций_отчет.доклад_отчет бюро мусульманских организаций	1919.03.18	['цк ркпб', 'съезд ркпб 8', 'бюро мусульманских организаций']	['отчет', 'доклад']	['отчет бюро мусульманских организаций']	['отчет бюро мусульманских организаций']	True	False	False	False	False	False
114	1919.03.20_съезд ркпб 8_приветствие_приветствие красной армии	1919.03.20	['съезд ркпб 8']	['приветствие']	['приветствие красной армии']	['приветствие красной армии']	True	False	False	True	False	False
115	1919.06.01_вцик_постановление_постановление о военном союзе россии украины латвии литвы украины_образование ссср	1919.06.01	['вцик']	['постановление']	['постановление о военном союзе россии украины латвии литвы украины']	['образование ссср']	True	False	True	False	False	True
116	1920.09.22_ленин_выступление.отчет_политический отчет цк_съезд ркпб 9	1920.09.22	['ленин']	['выступление', 'отчет']	['политический отчет цк']	['съезд ркпб 9']	False	True	False	False	True	True
117	1920.12.21_ленин.снк_декрет_об использовании крыма для лечения трудящихся	1920.12.21	['ленин', 'снк']	['декрет']	['об использовании крыма для лечения трудящихся']	['об использовании крыма для лечения трудящихся']	True	True	True	False	False	False
118	1921.03.05_ленин_выступление.отчет.фрагмент_политический отчет_съезд ркпб 10	1921.03.05	['ленин']	['выступление', 'отчет', 'фрагмент']	['политический отчет']	['съезд ркпб 10']	False	True	False	False	True	True
119	1921.03.07_съезд ркпб 10_резолюция_о единстве партии	1921.03.07	['съезд ркпб 10']	['резолюция']	['о единстве партии']	['о единстве партии']	True	False	True	False	False	False
120	1921.03.07_цк ркпб.ркпб 10_отчет.фрагмент_о деятельности партии	1921.03.07	['цк ркпб', 'ркпб 10']	['отчет', 'фрагмент']	['о деятельности партии']	['о деятельности партии']	True	False	False	False	False	False
121	1921.05.13_ленин.снк_декрет_о домах отдыха	1921.05.13	['ленин', 'снк']	['декрет']	['о домах отдыха']	['о домах отдыха']	True	True	True	False	False	False
122	1921.08.02_ленин_обращение_обращение к международному пролетариату_голод	1921.08.02	['ленин']	['обращение']	['обращение к международному пролетариату']	['голод']	False	True	True	True	False	True
123	1921.12.15_ленин.снк.вцик.калинин.енукидзе_декрет_о лишении гражданства	1921.12.15	['ленин', 'снк', 'вцик', 'калинин', 'енукидзе']	['декрет']	['о лишении гражданства']	['о лишении гражданства']	True	True	True	False	False	False
124	1922.03.27_ленин_выступление.фрагмент.отчет_политический отчет_съезд ркпб 11	1922.03.27	['ленин']	['выступление', 'фрагмент', 'отчет']	['политический отчет']	['съезд ркпб 11']	False	True	False	False	True	True
125	1922.04.02_съезд ркпб 11_резолюция_о некоторых членах бывшей оппозиции	1922.04.02	['съезд ркпб 11']	['резолюция']	['о некоторых членах бывшей оппозиции']	['о некоторых членах бывшей оппозиции']	True	False	True	False	False	False
126	1922.12.23_ленин_статья.письмо_письмо к съезду_политическое завещание	1922.12.23	['ленин']	['статья', 'письмо']	['письмо к съезду']	['политическое завещание']	False	True	True	False	False	True
127	1922.12.25_ленин_статья.письмо_письмо к съезду продолжение_политическое завещание	1922.12.25	['ленин']	['статья', 'письмо']	['письмо к съезду продолжение']	['политическое завещание']	False	True	True	False	False	True
128	1922.12.27_ленин_статья.письмо_о придании законодательных функций госплану	1922.12.27	['ленин']	['статья', 'письмо']	['о придании законодательных функций госплану']	['о придании законодательных функций госплану']	False	True	True	False	False	False
129	1922.12.30_конференция съездов советов советских республик.всесоюзный съезд советов 1_декларация_об образовании ссср_образование ссср	1922.12.30	['конференция съездов советов советских республик', 'всесоюзный съезд советов 1']	['декларация']	['об образовании ссср']	['образование ссср']	True	False	True	False	False	True
130	1922.12.30_конференция съездов советов советских республик.всесоюзный съезд советов 1_договор_об образовании ссср_образование ссср	1922.12.30	['конференция съездов советов советских республик', 'всесоюзный съезд советов 1']	['договор']	['об образовании ссср']	['образование ссср']	True	False	True	False	False	True
131	1922.12.30_ленин_статья.записки_к вопросу о национальностях или об автономизации	1922.12.30	['ленин']	['статья', 'записки']	['к вопросу о национальностях или об автономизации']	['к вопросу о национальностях или об автономизации']	False	True	True	False	False	False
132	1922.12.31_ленин_статья.записки_к вопросу о национальностях или об автономизации продолжение 2	1922.12.31	['ленин']	['статья', 'записки']	['к вопросу о национальностях или об автономизации продолжение 2']	['к вопросу о национальностях или об автономизации продолжение 2']	False	True	True	False	False	False
133	1922.12.31_ленин_статья.записки_к вопросу о национальностях или об автономизации продолжение	1922.12.31	['ленин']	['статья', 'записки']	['к вопросу о национальностях или об автономизации продолжение']	['к вопросу о национальностях или об автономизации продолжение']	False	True	True	False	False	False
134	1923.01.02_ленин_статья.записки.дневник_странички из дневника о необходимости шефства рабочих над деревней	1923.01.02	['ленин']	['статья', 'записки', 'дневник']	['странички из дневника о необходимости шефства рабочих над деревней']	['странички из дневника о необходимости шефства рабочих над деревней']	False	True	True	False	False	False
135	1923.01.06_ленин_статья.записки_о кооперации	1923.01.06	['ленин']	['статья', 'записки']	['о кооперации']	['о кооперации']	False	True	True	False	False	False
136	1923.01.17_ленин_статья.записки_о нашей революции_ответ на записки суханова	1923.01.17	['ленин']	['статья', 'записки']	['о нашей революции']	['ответ на записки суханова']	False	True	True	False	False	True
137	1923.01.23_ленин_статья.предложение съезду партии.записки_как нам реорганизовать рабкрин	1923.01.23	['ленин']	['статья', 'предложение съезду партии', 'записки']	['как нам реорганизовать рабкрин']	['как нам реорганизовать рабкрин']	False	True	True	False	True	False
138	1923.03.02_ленин_статья.записки_лучше меньше да лучше	1923.03.02	['ленин']	['статья', 'записки']	['лучше меньше да лучше']	['лучше меньше да лучше']	False	True	True	False	False	False
139	1923.04.17_сталин_выступление.отчет_организационный отчет_съезд ркпб 12	1923.04.17	['сталин']	['выступление', 'отчет']	['организационный отчет']	['съезд ркпб 12']	False	True	False	False	True	True
140	1923.04.19_зиновьев_выступление.отчет.доклад.фрагмент_политический отчет цк_съезд ркпб 12	1923.04.19	['зиновьев']	['выступление', 'отчет', 'доклад', 'фрагмент']	['политический отчет цк']	['съезд ркпб 12']	False	False	False	False	True	True
141	1923.04.19_съезд ркпб 12_резолюция_по отчету цк	1923.04.19	['съезд ркпб 12']	['резолюция']	['по отчету цк']	['по отчету цк']	True	False	True	False	False	False
142	1923.04.25_съезд ркпб 12_резолюция_о постановке антирелигиозной агитации и пропаганды	1923.04.25	['съезд ркпб 12']	['резолюция']	['о постановке антирелигиозной агитации и пропаганды']	['о постановке антирелигиозной агитации и пропаганды']	True	False	True	False	False	False
143	1924.01.31_всесоюзный съезд советов 2_конституция_конституция ссср	1924.01.31	['всесоюзный съезд советов 2']	['конституция']	['конституция ссср']	['конституция ссср']	True	False	True	False	False	False
144	1924.04.16_калинин_выступление.доклад.фрагмент_о работе в деревне_съезд ркпб 13	1924.04.16	['калинин']	['выступление', 'доклад', 'фрагмент']	['о работе в деревне']	['съезд ркпб 13']	False	False	False	False	True	True
145	1924.05.27_съезд ркпб 13_резолюция.фрагмент_по отчету цк	1924.05.27	['съезд ркпб 13']	['резолюция', 'фрагмент']	['по отчету цк']	['по отчету цк']	True	False	True	False	False	False
146	1924.05.29_крупская_выступление.фрагмент.доклад_о работе в деревне_съезд ркпб 13	1924.05.29	['крупская']	['выступление', 'фрагмент', 'доклад']	['о работе в деревне']	['съезд ркпб 13']	False	False	False	False	True	True
147	1924.05.31_партконференция 13.съезд ркпб 13.конгресс коминтерна 5_резолюция_об итогах дискуссии и о мелкобуржуазном уклоне в партии_троцкий	1924.05.31	['партконференция 13', 'съезд ркпб 13', 'конгресс коминтерна 5']	['резолюция']	['об итогах дискуссии и о мелкобуржуазном уклоне в партии']	['троцкий']	True	False	True	False	False	True
148	1924.05.31_партконференция 13_резолюция_о партстроительстве партия в условиях нэпа_нэп	1924.05.31	['партконференция 13']	['резолюция']	['о партстроительстве партия в условиях нэпа']	['нэп']	True	False	True	False	False	True
149	1924.05.31_съезд ркпб 13_постановление.фрагмент_о работе среди молодежи	1924.05.31	['съезд ркпб 13']	['постановление', 'фрагмент']	['о работе среди молодежи']	['о работе среди молодежи']	True	False	True	False	False	False
150	1924.05.31_съезд ркпб 13_резолюция.фрагмент_о работе в деревне	1924.05.31	['съезд ркпб 13']	['резолюция', 'фрагмент']	['о работе в деревне']	['о работе в деревне']	True	False	True	False	False	False
151	1924.05.31_съезд ркпб 13_резолюция_о кооперации	1924.05.31	['съезд ркпб 13']	['резолюция']	['о кооперации']	['о кооперации']	True	False	True	False	False	False
152	1925.04.29_партконференция 14_резолюция.фрагмент_о возможности победы социализма в одной стране.о задачах коминтерна и ркпб	1925.04.29	['партконференция 14']	['резолюция', 'фрагмент']	['о возможности победы социализма в одной стране', 'о задачах коминтерна и ркпб']	['о возможности победы социализма в одной стране', 'о задачах коминтерна и ркпб']	True	False	True	False	False	False
153	1925.12.23_съезд вкпб 14_резолюция.фрагмент_о работе профсоюзов	1925.12.23	['съезд вкпб 14']	['резолюция', 'фрагмент']	['о работе профсоюзов']	['о работе профсоюзов']	True	False	True	False	False	False
154	1925.12.23_съезд вкпб 14_резолюция_по отчету цк	1925.12.23	['съезд вкпб 14']	['резолюция']	['по отчету цк']	['по отчету цк']	True	False	True	False	False	False
155	1927.12.03_сталин_выступление.отчет_политический отчет цк_съезд вкпб 15	1927.12.03	['сталин']	['выступление', 'отчет']	['политический отчет цк']	['съезд вкпб 15']	False	True	False	False	True	True
156	1927.12.11_литвинов_доклад_о работе советской делегации на конференции по разоружению_конференция по разоружению.съезд вкпб 15	1927.12.11	['литвинов']	['доклад']	['о работе советской делегации на конференции по разоружению']	['конференция по разоружению', 'съезд вкпб 15']	False	False	False	False	True	True
157	1927.12.19_съезд вкпб 15_резолюция.фрагмент_о работе в деревне	1927.12.19	['съезд вкпб 15']	['резолюция', 'фрагмент']	['о работе в деревне']	['о работе в деревне']	True	False	True	False	False	False
158	1927.12.19_съезд вкпб 15_резолюция.фрагмент_по отчету цк	1927.12.19	['съезд вкпб 15']	['резолюция', 'фрагмент']	['по отчету цк']	['по отчету цк']	True	False	True	False	False	False
159	1929.06.18_президиум вцспс_постановление_о работе клубов и красных уголков	1929.06.18	['президиум вцспс']	['постановление']	['о работе клубов и красных уголков']	['о работе клубов и красных уголков']	True	False	True	False	False	False
160	1930.01.21_сталин_статья_к вопросу о политике ликвидации кулачества как класса_раскулачивание	1930.01.21	['сталин']	['статья']	['к вопросу о политике ликвидации кулачества как класса']	['раскулачивание']	False	True	True	False	False	True
161	1930.06.27_сталин_выступление.отчет_политический отчет цк_съезд вкпб 16	1930.06.27	['сталин']	['выступление', 'отчет']	['политический отчет цк']	['съезд вкпб 16']	False	True	False	False	True	True
162	1930.07.13_съезд вкпб 16_резолюция.фрагмент_по отчету цк	1930.07.13	['съезд вкпб 16']	['резолюция', 'фрагмент']	['по отчету цк']	['по отчету цк']	True	False	True	False	False	False
163	1930.07.13_съезд вкпб 16_резолюция_о выполнении пятилетнего плана промышленности	1930.07.13	['съезд вкпб 16']	['резолюция']	['о выполнении пятилетнего плана промышленности']	['о выполнении пятилетнего плана промышленности']	True	False	True	False	False	False
164	1930.12.21_цк вкпб.цкк вкпб_стенограмма.отчет.фрагмент.заседание_прения по докладу куйбышева о народно хозяйственном плане_отстранение рыкова из снк	1930.12.21	['цк вкпб', 'цкк вкпб']	['стенограмма', 'отчет', 'фрагмент', 'заседание']	['прения по докладу куйбышева о народно хозяйственном плане']	['отстранение рыкова из снк']	True	False	False	False	False	True
165	1934.01.26_сталин_выступление.отчет.доклад_отчетный доклад о работе цк_съезд вкпб 17	1934.01.26	['сталин']	['выступление', 'отчет', 'доклад']	['отчетный доклад о работе цк']	['съезд вкпб 17']	False	True	False	False	True	True
166	1934.01.31_бухарин_выступление.фрагмент_речь на 17 съезде_германия и япония	1934.01.31	['бухарин']	['выступление', 'фрагмент']	['речь на 17 съезде']	['германия и япония']	False	False	False	False	False	True
167	1934.02.10_съезд вкпб 17_резолюция.фрагмент_о втором пятилетнем плане развития народного хозяйства_2 пятилетка	1934.02.10	['съезд вкпб 17']	['резолюция', 'фрагмент']	['о втором пятилетнем плане развития народного хозяйства']	['2 пятилетка']	True	False	True	False	False	True
168	1934.02.10_съезд вкпб 17_резолюция.фрагмент_партийное и советское строительство.организационные вопросы	1934.02.10	['съезд вкпб 17']	['резолюция', 'фрагмент']	['партийное и советское строительство', 'организационные вопросы']	['партийное и советское строительство', 'организационные вопросы']	True	False	True	False	True	False
169	1934.02.21_бюро обкома вкпб асср нп_постановление_о формулировке по национальному вопросу	1934.02.21	['бюро обкома вкпб асср нп']	['постановление']	['о формулировке по национальному вопросу']	['о формулировке по национальному вопросу']	True	False	True	False	False	False
170	1934.05.11_правда_газетная статья_партия продолжает проверку своих рядов_чистки	1934.05.11	['правда']	['газетная статья']	['партия продолжает проверку своих рядов']	['чистки']	True	False	True	False	False	True
171	1934.08.02_цк вкпб.правда_газетная статья_о ходе чистки_чистки	1934.08.02	['цк вкпб', 'правда']	['газетная статья']	['о ходе чистки']	['чистки']	True	False	True	False	False	True
172	1936.12.05_всесоюзный съезд советов 8_конституция_конституция ссср	1936.12.05	['всесоюзный съезд советов 8']	['конституция']	['конституция ссср']	['конституция ссср']	True	False	True	False	False	False
173	1937.01.21_съезд советов 17_постановление_об утверждении конституции рсфср	1937.01.21	['съезд советов 17']	['постановление']	['об утверждении конституции рсфср']	['об утверждении конституции рсфср']	True	False	True	False	False	False
174	1939.03.10_сталин_выступление.отчет.доклад_отчетный доклад цк_съезд вкпб 18	1939.03.10	['сталин']	['выступление', 'отчет', 'доклад']	['отчетный доклад цк']	['съезд вкпб 18']	False	True	False	False	True	True
175	1939.03.21_съезд вкпб 18_резолюция_третий пятилетний план развития народного хозяйства_3 пятилетка	1939.03.21	['съезд вкпб 18']	['резолюция']	['третий пятилетний план развития народного хозяйства']	['3 пятилетка']	True	False	True	False	False	True
176	1939.09.28_молотов.риббентроп.правительство ссср.правительство германии_договор.секретный протокол_о дружбе и границе между ссср и германией_пакт молотова риббентропа	1939.09.28	['молотов', 'риббентроп', 'правительство ссср', 'правительство германии']	['договор', 'секретный протокол']	['о дружбе и границе между ссср и германией']	['пакт молотова риббентропа']	True	False	True	False	False	True
177	1939.09.28_молотов.риббентроп.правительство ссср.правительство германии_договор_о дружбе и границе между ссср и германией_пакт молотова риббентропа	1939.09.28	['молотов', 'риббентроп', 'правительство ссср', 'правительство германии']	['договор']	['о дружбе и границе между ссср и германией']	['пакт молотова риббентропа']	True	False	True	False	False	True
178	1941.07.03_сталин_выступление.радио.обращение к народу_выступление по радио_нападение германии	1941.07.03	['сталин']	['выступление', 'радио', 'обращение к народу']	['выступление по радио']	['нападение германии']	False	True	False	True	False	True
179	1941.07.18_сталин_письмо.личное послание_письмо черчиллю о положении советской армии и об открытии второго фронта.речь на параде красной армии_второй фронт.вов	1941.07.18	['сталин']	['письмо', 'личное послание']	['письмо черчиллю о положении советской армии и об открытии второго фронта', 'речь на параде красной армии']	['второй фронт', 'вов']	False	True	True	False	False	True
180	1941.07.18_сталин_письмо.личное послание_послание рузвельту_лендлиз.вов	1941.07.18	['сталин']	['письмо', 'личное послание']	['послание рузвельту']	['лендлиз', 'вов']	False	True	True	False	False	True
181	1941.10.03_сталин_письмо.личное послание_послание рузвельту_вов	1941.10.03	['сталин']	['письмо', 'личное послание']	['послание рузвельту']	['вов']	False	True	True	False	False	True
182	1941.10.03_сталин_письмо.личное послание_послание черчиллю_вов	1941.10.03	['сталин']	['письмо', 'личное послание']	['послание черчиллю']	['вов']	False	True	True	False	False	True
183	1941.11.06_сталин_выступление.доклад_доклад на торжественном заседании московского совета депутатов трудящихся с партийными и общественными организациями_24 годовщина революции.вов.заседание моссовета	1941.11.06	['сталин']	['выступление', 'доклад']	['доклад на торжественном заседании московского совета депутатов трудящихся с партийными и общественными организациями']	['24 годовщина революции', 'вов', 'заседание моссовета']	False	True	False	False	True	True
184	1941.11.07_сталин_выступление.речь_речь на параде красной армии_речь на параде красной армии_24 годовщина революции.вов	1941.11.07	['сталин']	['выступление', 'речь']	['речь на параде красной армии']	['речь на параде красной армии']	False	True	False	False	False	True
185	1942.08.23_сталин_телеграмма_телеграмма руководству обороной сталинграда_вов.сталинград	1942.08.23	['сталин']	['телеграмма']	['телеграмма руководству обороной сталинграда']	['вов', 'сталинград']	False	True	True	False	False	True
186	1942.10.03_сталин_меморандум.секретно_послание черчиллю_вов.второй фронт	1942.10.03	['сталин']	['меморандум', 'секретно']	['послание черчиллю']	['вов', 'второй фронт']	False	True	True	False	False	True
187	1943.06.11_сталин_письмо.личное послание.секретно_послание рузвельту_вов.второй фронт	1943.06.11	['сталин']	['письмо', 'личное послание', 'секретно']	['послание рузвельту']	['вов', 'второй фронт']	False	True	True	False	False	True
188	1943.09.08_сталин_письмо.личное послание.секретно_послание рузвельту_вов.встреча глав трех правительств	1943.09.08	['сталин']	['письмо', 'личное послание', 'секретно']	['послание рузвельту']	['вов', 'встреча глав трех правительств']	False	True	True	False	False	True
189	1944.10.19_сталин_письмо.личное.секретно послание_послание рузвельту и черчиллю_вов.восстание в варшаве	1944.10.19	['сталин']	['письмо', 'личное', 'секретно послание']	['послание рузвельту и черчиллю']	['вов', 'восстание в варшаве']	False	True	True	False	False	True
190	1944.10.19_сталин_письмо.личное.секретно послание_послание рузвельту_вов.встреча с черчиллем	1944.10.19	['сталин']	['письмо', 'личное', 'секретно послание']	['послание рузвельту']	['вов', 'встреча с черчиллем']	False	True	True	False	False	True
191	1945.05.09_сталин_выступление.обращение к народу_наше дело правое мы победили_вов.победа.9 мая.2 мировая война	1945.05.09	['сталин']	['выступление', 'обращение к народу']	['наше дело правое мы победили']	['вов', 'победа', '9 мая', '2 мировая война']	False	True	False	True	False	True
192	1945.07.04_сталин_письмо.послание_послание де голлю о возвращении авиационного полка_вов	1945.07.04	['сталин']	['письмо', 'послание']	['послание де голлю о возвращении авиационного полка']	['вов']	False	True	True	False	False	True
193	1945.09.02_сталин_выступление.обращение к народу_о капитуляции японии_вов.победа.9 мая.япония	1945.09.02	['сталин']	['выступление', 'обращение к народу']	['о капитуляции японии']	['вов', 'победа', '9 мая', 'япония']	False	True	False	True	False	True
194	1952.07.07_маленков_выступление.отчет.доклад_доклад на пленуме цк кпсс_берия.цк кпсс	1952.07.07	['маленков']	['выступление', 'отчет', 'доклад']	['доклад на пленуме цк кпсс']	['берия', 'цк кпсс']	False	True	False	False	False	True
195	1952.09.29_сталин_выступление.замечания_по экономическим вопросам	1952.09.29	['сталин']	['выступление', 'замечания']	['по экономическим вопросам']	['по экономическим вопросам']	False	True	False	False	False	False
196	1952.10.05_маленков_выступление.отчет_отчетный доклад цк_съезд кпсс 19	1952.10.05	['маленков']	['выступление', 'отчет']	['отчетный доклад цк']	['съезд кпсс 19']	False	True	False	False	True	True
197	1952.10.13_съезд кпсс 19_устав_устав кпсс	1952.10.13	['съезд кпсс 19']	['устав']	['устав кпсс']	['устав кпсс']	True	False	True	False	False	False
198	1952.10.14_сталин_выступление.отчет_заключительная речь_съезд кпсс 19	1952.10.14	['сталин']	['выступление', 'отчет']	['заключительная речь']	['съезд кпсс 19']	False	True	False	False	True	True
199	1953.01.13_тасс_сообщение_об аресте вречей вредителей_дело врачей.репрессии	1953.01.13	['тасс']	['сообщение']	['об аресте вречей вредителей']	['дело врачей', 'репрессии']	False	False	True	False	False	True
200	1953.03.26_берия_записка_маленкову в президиум цк ссср об амнистии_амнистия	1953.03.26	['берия']	['записка']	['маленкову в президиум цк ссср об амнистии']	['амнистия']	False	False	True	False	False	True
201	1953.03.27_президиум вс ссср_указ_об амнистии_амнистия	1953.03.27	['президиум вс ссср']	['указ']	['об амнистии']	['амнистия']	True	False	True	False	False	True
202	1956.02.24_съезд кпсс 20_резолюция_по отчетному докладу_культ личности	1956.02.24	['съезд кпсс 20']	['резолюция']	['по отчетному докладу']	['культ личности']	True	False	True	False	False	True
203	1956.02.25_хрущев_выступление.отчет.доклад_отчетный доклад цк_культ личности	1956.02.25	['хрущев']	['выступление', 'отчет', 'доклад']	['отчетный доклад цк']	['культ личности']	False	True	False	False	False	True
204	1959.02.05_съезд кпсс 21_доклад.фрагмент_контрольные цифры народного хозяйства	1959.02.05	['съезд кпсс 21']	['доклад', 'фрагмент']	['контрольные цифры народного хозяйства']	['контрольные цифры народного хозяйства']	True	False	False	False	False	False
205	1959.02.05_съезд кпсс 21_резолюция.фрагмент_по докладу контрольные цифры народного хозяйства	1959.02.05	['съезд кпсс 21']	['резолюция', 'фрагмент']	['по докладу контрольные цифры народного хозяйства']	['по докладу контрольные цифры народного хозяйства']	True	False	True	False	False	False
206	1959.06.29_пленум цк кпсс_постановление_о работе партийных организаций	1959.06.29	['пленум цк кпсс']	['постановление']	['о работе партийных организаций']	['о работе партийных организаций']	True	False	True	False	False	False
207	1959.07.15_пленум цк кпсс_постановление_о развитии промышленности	1959.07.15	['пленум цк кпсс']	['постановление']	['о развитии промышленности']	['о развитии промышленности']	True	False	True	False	False	False
208	1961.10.17_хрущев_выступление.отчет_отчетный доклад цк_съезд кпсс 22	1961.10.17	['хрущев']	['выступление', 'отчет']	['отчетный доклад цк']	['съезд кпсс 22']	False	True	False	False	True	True
209	1961.10.31_съезд кпсс 22_программа партии_программа кпсс	1961.10.31	['съезд кпсс 22']	['программа партии']	['программа кпсс']	['программа кпсс']	True	False	True	False	False	False
210	1961.10.31_съезд кпсс 22_резолюция.фрагмент_по отчету цк	1961.10.31	['съезд кпсс 22']	['резолюция', 'фрагмент']	['по отчету цк']	['по отчету цк']	True	False	True	False	False	False
211	1964.10.14_пленум цк кпсс_постановление_о т хрущеве нс_отставка хрущева	1964.10.14	['пленум цк кпсс']	['постановление']	['о т хрущеве нс']	['отставка хрущева']	True	False	True	False	False	True
212	1966.03.29_брежнев_выступление.отчет_отчетный доклад цк_съезд кпсс 23	1966.03.29	['брежнев']	['выступление', 'отчет']	['отчетный доклад цк']	['съезд кпсс 23']	False	True	False	False	True	True
213	1966.04.08_брежнев_выступление_заключительное слово_съезд кпсс 23	1966.04.08	['брежнев']	['выступление']	['заключительное слово']	['съезд кпсс 23']	False	True	False	False	True	True
214	1966.04.08_съезд кпсс 23.другие_выступление_обсуждение отчетного доклада	1966.04.08	['съезд кпсс 23', 'другие']	['выступление']	['обсуждение отчетного доклада']	['обсуждение отчетного доклада']	True	False	False	False	False	False
215	1966.04.08_съезд кпсс 23_резолюция_по отчету цк	1966.04.08	['съезд кпсс 23']	['резолюция']	['по отчету цк']	['по отчету цк']	True	False	True	False	False	False
216	1969.12.15_брежнев_выступление_выступление перед съездом_пленум цк кпсс 1969	1969.12.15	['брежнев']	['выступление']	['выступление перед съездом']	['пленум цк кпсс 1969']	False	True	False	False	False	True
217	1971.03.30_брежнев_выступление.отчет.доклад_отчетный доклад цк_съезд кпсс 24	1971.03.30	['брежнев']	['выступление', 'отчет', 'доклад']	['отчетный доклад цк']	['съезд кпсс 24']	False	True	False	False	True	True
218	1971.04.09_брежнев_выступление_заключительное слово_съезд кпсс 24	1971.04.09	['брежнев']	['выступление']	['заключительное слово']	['съезд кпсс 24']	False	True	False	False	True	True
219	1971.04.09_съезд кпсс 24.другие_выступление_обсуждение отчетного доклада	1971.04.09	['съезд кпсс 24', 'другие']	['выступление']	['обсуждение отчетного доклада']	['обсуждение отчетного доклада']	True	False	False	False	False	False
220	1971.04.09_съезд кпсс 24_резолюция.фрагмент_по отчетному докладу	1971.04.09	['съезд кпсс 24']	['резолюция', 'фрагмент']	['по отчетному докладу']	['по отчетному докладу']	True	False	True	False	False	False
221	1975.08.19_цк кпсс_постановление_о социалистическом соревновании за достойную встречу 25 съезда кпсс_съезд кпсс 25	1975.08.19	['цк кпсс']	['постановление']	['о социалистическом соревновании за достойную встречу 25 съезда кпсс']	['съезд кпсс 25']	True	False	True	False	True	True
222	1976.02.24_брежнев_выступление.отчет.доклад_отчетный доклад цк_съезд кпсс 25	1976.02.24	['брежнев']	['выступление', 'отчет', 'доклад']	['отчетный доклад цк']	['съезд кпсс 25']	False	True	False	False	True	True
223	1976.03.03_съезд кпсс 25_постановление_по_проекту_цк.основные направления народного хозяйства	1976.03.03	['съезд кпсс 25']	['постановление']	['по']	['проекту']	True	False	True	False	False	True
224	1977.10.07_верховный совет ссср_конституция_конституция ссср	1977.10.07	['верховный совет ссср']	['конституция']	['конституция ссср']	['конституция ссср']	True	False	True	False	False	False
225	1978.12.05_брежнев.тараки_договор_договор о дружбе добрососедстве и сотрудничестве между ссср и дра_афганистан	1978.12.05	['брежнев', 'тараки']	['договор']	['договор о дружбе добрососедстве и сотрудничестве между ссср и дра']	['афганистан']	True	True	True	False	False	True
226	1981.02.23_брежнев_выступление.отчет.доклад_отчетный доклад цк_съезд кпсс 26	1981.02.23	['брежнев']	['выступление', 'отчет', 'доклад']	['отчетный доклад цк']	['съезд кпсс 26']	False	True	False	False	True	True
227	1981.08.11_цк кпсс_постановление_о совершенствовании контроля и проверки исполнения_съезд кпсс 26	1981.08.11	['цк кпсс']	['постановление']	['о совершенствовании контроля и проверки исполнения']	['съезд кпсс 26']	True	False	True	False	True	True
228	1986.02.25_горбачев_выступление.отчет.доклад_политический доклад_съезд кпсс 27	1986.02.25	['горбачев']	['выступление', 'отчет', 'доклад']	['политический доклад']	['съезд кпсс 27']	False	True	False	False	True	True
229	1986.03.03_рыжков_выступление.отчет.доклад_эконом соц развитие_съезд кпсс 27	1986.03.03	['рыжков']	['выступление', 'отчет', 'доклад']	['эконом соц развитие']	['съезд кпсс 27']	False	False	False	False	True	True
230	1986.03.06_горбачев_выступление_заключительная речь_съезд кпсс 27	1986.03.06	['горбачев']	['выступление']	['заключительная речь']	['съезд кпсс 27']	False	True	False	False	True	True
231	1986.03.06_съезд кпсс 27_выступление_обсуждение доклада эконом развития	1986.03.06	['съезд кпсс 27']	['выступление']	['обсуждение доклада эконом развития']	['обсуждение доклада эконом развития']	True	False	False	False	False	False
232	1986.03.06_съезд кпсс 27_выступление_обсуждение политического доклада	1986.03.06	['съезд кпсс 27']	['выступление']	['обсуждение политического доклада']	['обсуждение политического доклада']	True	False	False	False	False	False
233	1986.03.07_съезд кпсс 27_постановление_по докладу соц эконом развития	1986.03.07	['съезд кпсс 27']	['постановление']	['по докладу соц эконом развития']	['по докладу соц эконом развития']	True	False	True	False	False	False
234	1986.03.07_съезд кпсс 27_программа_программа кпсс	1986.03.07	['съезд кпсс 27']	['программа']	['программа кпсс']	['программа кпсс']	True	False	True	False	False	False
235	1986.03.07_съезд кпсс 27_резолюция_по политическому докладу	1986.03.07	['съезд кпсс 27']	['резолюция']	['по политическому докладу']	['по политическому докладу']	True	False	True	False	False	False
236	1986.03.07_съезд кпсс 27_устав_устав кпсс	1986.03.07	['съезд кпсс 27']	['устав']	['устав кпсс']	['устав кпсс']	True	False	True	False	False	False
237	1988.06.28_горбачев_выступление.доклад_задачи по углублению перестройки_партконференция19	1988.06.28	['горбачев']	['выступление', 'доклад']	['задачи по углублению перестройки']	['партконференция19']	False	True	False	False	True	True
238	1988.06.30_партконференция19_обсуждение_обсуждение доклада задачи по углублению перестройки_партконференция19	1988.06.30	['партконференция19']	['обсуждение']	['обсуждение доклада задачи по углублению перестройки']	['партконференция19']	True	False	False	False	True	True
239	1988.07.01_горбачев_выступление_заключительная речь_партконференция19	1988.07.01	['горбачев']	['выступление']	['заключительная речь']	['партконференция19']	False	True	False	False	True	True
240	1988.07.01_партконференция19_обсуждение_обсуждение резолюции задачи по углублению перестройки	1988.07.01	['партконференция19']	['обсуждение']	['обсуждение резолюции задачи по углублению перестройки']	['обсуждение резолюции задачи по углублению перестройки']	True	False	False	False	False	False
241	1988.07.01_партконференция19_резолюция_задачи по углублению перестройки	1988.07.01	['партконференция19']	['резолюция']	['задачи по углублению перестройки']	['задачи по углублению перестройки']	True	False	True	False	False	False
242	1988.07.01_партконференция19_резолюция_неотложные меры	1988.07.01	['партконференция19']	['резолюция']	['неотложные меры']	['неотложные меры']	True	False	True	False	False	False
243	1988.07.01_партконференция19_резолюция_о демократизации советского общества	1988.07.01	['партконференция19']	['резолюция']	['о демократизации советского общества']	['о демократизации советского общества']	True	False	True	False	True	False
244	1988.07.01_партконференция19_резолюция_о межнациональных отношениях	1988.07.01	['партконференция19']	['резолюция']	['о межнациональных отношениях']	['о межнациональных отношениях']	True	False	True	False	False	False
245	1988.07.01_партконференция19_резолюция_о правовой реформе	1988.07.01	['партконференция19']	['резолюция']	['о правовой реформе']	['о правовой реформе']	True	False	True	False	False	False
246	1988.12.07_горбачев_выступление_выступление в оон	1988.12.07	['горбачев']	['выступление']	['выступление в оон']	['выступление в оон']	False	True	False	False	False	False
247	1989.04.27_ельцин_выступление_к 1 съезду народных депутатов_съезд народных депутатов 1	1989.04.27	['ельцин']	['выступление']	['к 1 съезду народных депутатов']	['съезд народных депутатов 1']	False	True	False	False	True	True
248	1989.07.06_горбачев_выступление_выступление в совете европы	1989.07.06	['горбачев']	['выступление']	['выступление в совете европы']	['выступление в совете европы']	False	True	False	False	True	False
249	1990.01.17_ельцин_выступление.обращение к гражданам.тв_выступление перед телезрителями_суверенитет рсфср.распад ссср	1990.01.17	['ельцин']	['выступление', 'обращение к гражданам', 'тв']	['выступление перед телезрителями']	['суверенитет рсфср', 'распад ссср']	False	True	False	True	False	True
250	1990.06.12_ельцин.совет народных депутатов_декларация_о государственном суверенитете рсфср_независимость рсфср.распад ссср	1990.06.12	['ельцин', 'совет народных депутатов']	['декларация']	['о государственном суверенитете рсфср']	['независимость рсфср', 'распад ссср']	True	True	True	False	False	True
251	1990.07.02_горбачев_выступление.доклад_политический отчет_съезд кпсс 28	1990.07.02	['горбачев']	['выступление', 'доклад']	['политический отчет']	['съезд кпсс 28']	False	True	False	False	True	True
252	1990.07.07_кпсс28_выступление.обсуждение_обсуждение политического доклада	1990.07.07	['кпсс28']	['выступление', 'обсуждение']	['обсуждение политического доклада']	['обсуждение политического доклада']	True	False	False	False	False	False
253	1990.07.07_кпсс28_программное заявление_к гуманному демократическому социализму	1990.07.07	['кпсс28']	['программное заявление']	['к гуманному демократическому социализму']	['к гуманному демократическому социализму']	True	False	True	False	False	False
254	1990.09.01_ельцин_выступление.обращение к гражданам.тв_выступление перед телезрителями_программа 500	1990.09.01	['ельцин']	['выступление', 'обращение к гражданам', 'тв']	['выступление перед телезрителями']	['программа 500']	False	True	False	True	False	True
255	1990.11.13_ельцин_выступление.стенограмма.ocr_на 2 сессии верховного совета рсфср_сессия верховного совета рсфср	1990.11.13	['ельцин']	['выступление', 'стенограмма', 'ocr']	['на 2 сессии верховного совета рсфср']	['сессия верховного совета рсфср']	False	True	False	False	True	True
256	1991.05.21_ельцин_выступление_на 4 съезде народных депутатов_съезд народных депутатов 4	1991.05.21	['ельцин']	['выступление']	['на 4 съезде народных депутатов']	['съезд народных депутатов 4']	False	True	False	False	True	True
257	1991.07.10_ельцин_выступление.обращение к гражданам.тв.ocr_выступление перед телезрителями по итогам выборов 1996_выборы 1996	1991.07.10	['ельцин']	['выступление', 'обращение к гражданам', 'тв', 'ocr']	['выступление перед телезрителями по итогам выборов 1996']	['выборы 1996']	False	True	False	True	False	True
258	1991.08.24_горбачев_выступление.обращение.обращение к гражданам_отставка.отставка с поста генсека кпсс.путч	1991.08.24	['горбачев']	['выступление', 'обращение', 'обращение к гражданам']	['отставка', 'отставка с поста генсека кпсс', 'путч']	['отставка', 'отставка с поста генсека кпсс', 'путч']	False	True	False	True	False	False
259	1991.11.20_ельцин_выступление.обращение к гражданам.тв_выступление перед телезрителями о политическом курсе россии	1991.11.20	['ельцин']	['выступление', 'обращение к гражданам', 'тв']	['выступление перед телезрителями о политическом курсе россии']	['выступление перед телезрителями о политическом курсе россии']	False	True	False	True	False	False
260	1991.12.08_ельцин.кравчук.шушкевич_соглашение_о создании содружества независимых государств.беловежские соглашения_создание снг.распад ссср.беловежские соглашения	1991.12.08	['ельцин', 'кравчук', 'шушкевич']	['соглашение']	['о создании содружества независимых государств', 'беловежские соглашения']	['создание снг', 'распад ссср', 'беловежские соглашения']	True	True	True	False	False	True
261	1991.12.21_ельцин.другие_декларация_алма атинская декларация_создание снг.снг	1991.12.21	['ельцин', 'другие']	['декларация']	['алма атинская декларация']	['создание снг', 'снг']	True	True	True	False	False	True
262	1991.12.25_горбачев_выступление.обращение.обращение к гражданам_отставка.отставка с поста президента	1991.12.25	['горбачев']	['выступление', 'обращение', 'обращение к гражданам']	['отставка', 'отставка с поста президента']	['отставка', 'отставка с поста президента']	False	True	False	True	False	False
263	1991.12.26_верховный совет ссср.совет республик вс ссср_декларация_в связи с созданием снг_прекращение существования ссср.распад ссср	1991.12.26	['верховный совет ссср', 'совет республик вс ссср']	['декларация']	['в связи с созданием снг']	['прекращение существования ссср', 'распад ссср']	True	False	True	False	False	True
264	1992.02.25_ельцин_возможное.выступление_возможное выступление в верховном совете рф_кризис 1993.двоевластие	1992.02.25	['ельцин']	['возможное', 'выступление']	['возможное выступление в верховном совете рф']	['кризис 1993', 'двоевластие']	False	True	False	False	False	True
265	1992.03.31_ельцин.другие.совет народных депутатов_договор.ocr_федеративный договор	1992.03.31	['ельцин', 'другие', 'совет народных депутатов']	['договор', 'ocr']	['федеративный договор']	['федеративный договор']	True	True	True	False	False	False
266	1992.03.31_ельцин_выступление.заключительное слово.ocr_при подписании федеративных договоров_федеративные договоры	1992.03.31	['ельцин']	['выступление', 'заключительное слово', 'ocr']	['при подписании федеративных договоров']	['федеративные договоры']	False	True	False	False	False	True
267	1992.04.12_ельцин_выступление_на встрече со студентами	1992.04.12	['ельцин']	['выступление']	['на встрече со студентами']	['на встрече со студентами']	False	True	False	False	False	False
268	1992.07.30_ельцин_выступление_на заседании правительства рф_заседание правительства рф	1992.07.30	['ельцин']	['выступление']	['на заседании правительства рф']	['заседание правительства рф']	False	True	False	False	False	True
269	1993.04.25_ельцин_выступление.обращение к гражданам.тв.ocr_выступление перед телезрителями с подведением итогов общероссийского референдума 1993_референдум 1993	1993.04.25	['ельцин']	['выступление', 'обращение к гражданам', 'тв', 'ocr']	['выступление перед телезрителями с подведением итогов общероссийского референдума 1993']	['референдум 1993']	False	True	False	True	False	True
270	1993.12.25_конституционная комиссия 1 съезда народных депутатов_конституция_конституция рф	1993.12.25	['конституционная комиссия 1 съезда народных депутатов']	['конституция']	['конституция рф']	['конституция рф']	True	False	True	False	False	False
271	1994.02.24_ельцин_выступление.послание.отчет.доклад.ocr_с посланием перед федеральным собранием	1994.02.24	['ельцин']	['выступление', 'послание', 'отчет', 'доклад', 'ocr']	['с посланием перед федеральным собранием']	['с посланием перед федеральным собранием']	False	True	False	False	False	False
272	1994.12.09_ельцин_указ_о мерах по пресечению деятельности незаконных вооруженных формирований на территории чр_ввод войск в чечню.война в чечне	1994.12.09	['ельцин']	['указ']	['о мерах по пресечению деятельности незаконных вооруженных формирований на территории чр']	['ввод войск в чечню', 'война в чечне']	False	True	True	False	False	True
273	1994.12.16_совет федерации_постановление_о положении в чеченской республики_война в чечне	1994.12.16	['совет федерации']	['постановление']	['о положении в чеченской республики']	['война в чечне']	True	False	True	False	False	True
274	1995.02.16_ельцин_выступление.послание_послание федеральному собранию	1995.02.16	['ельцин']	['выступление', 'послание']	['послание федеральному собранию']	['послание федеральному собранию']	False	True	False	False	False	False
275	1996.02.23_ельцин_выступление.послание_послание федеральному собранию	1996.02.23	['ельцин']	['выступление', 'послание']	['послание федеральному собранию']	['послание федеральному собранию']	False	True	False	False	False	False
276	1996.03.05_ельцин_выступление_выступление перед штабом по выборам президента рф_выборы 1996	1996.03.05	['ельцин']	['выступление']	['выступление перед штабом по выборам президента рф']	['выборы 1996']	False	True	False	False	False	True
277	1996.04.25_ельцин_выступление_выступление на встрече с руководителями республик	1996.04.25	['ельцин']	['выступление']	['выступление на встрече с руководителями республик']	['выступление на встрече с руководителями республик']	False	True	False	False	False	False
278	1996.08.31_представители федеральной власти.представители самопровозглашенной ичкерии_соглашение.совместное заявление_хасавюртские соглашения_завершение первой чеченской.война в чечне	1996.08.31	['представители федеральной власти', 'представители самопровозглашенной ичкерии']	['соглашение', 'совместное заявление']	['хасавюртские соглашения']	['завершение первой чеченской', 'война в чечне']	True	False	True	False	False	True
279	1997.03.06_ельцин_выступление.послание_послание федеральному собранию	1997.03.06	['ельцин']	['выступление', 'послание']	['послание федеральному собранию']	['послание федеральному собранию']	False	True	False	False	False	False
280	1998.02.17_ельцин_выступление.послание_послание федеральному собранию	1998.02.17	['ельцин']	['выступление', 'послание']	['послание федеральному собранию']	['послание федеральному собранию']	False	True	False	False	False	False
281	1999.03.30_ельцин_выступление.послание_послание федеральному собранию	1999.03.30	['ельцин']	['выступление', 'послание']	['послание федеральному собранию']	['послание федеральному собранию']	False	True	False	False	False	False
282	1999.12.31_ельцин_обращение.обращение к гражданам.тв.расшифровка_заявление бориса ельцина_отставка.отставка ельцина	1999.12.31	['ельцин']	['обращение', 'обращение к гражданам', 'тв', 'расшифровка']	['заявление бориса ельцина']	['отставка', 'отставка ельцина']	False	True	False	True	False	True
283	1999.12.31_путин_выступление_выступление ио президента на расширенном заседании совета безопасности_отставка ельцина	1999.12.31	['путин']	['выступление']	['выступление ио президента на расширенном заседании совета безопасности']	['отставка ельцина']	False	True	False	False	False	True
284	2000.07.08_путин_выступление.послание_послание федеральному собранию	2000.07.08	['путин']	['выступление', 'послание']	['послание федеральному собранию']	['послание федеральному собранию']	False	True	False	False	False	False
285	2000.11.09_путин_статья_десять лет большому договору_россия германия.международные отношения	2000.11.09	['путин']	['статья']	['десять лет большому договору']	['россия германия', 'международные отношения']	False	True	True	False	False	True
286	2000.11.09_путин_статья_россия новые восточные перспективы_международные отношения	2000.11.09	['путин']	['статья']	['россия новые восточные перспективы']	['международные отношения']	False	True	True	False	False	True
287	2001.02.21_путин_выступление_выступление на заседании президиума госсовета_реформа самоуправления	2001.02.21	['путин']	['выступление']	['выступление на заседании президиума госсовета']	['реформа самоуправления']	False	True	False	False	False	True
288	2001.04.03_путин_выступление.послание_послание федеральному собранию	2001.04.03	['путин']	['выступление', 'послание']	['послание федеральному собранию']	['послание федеральному собранию']	False	True	False	False	False	False
289	2002.04.18_путин_выступление.послание_послание федеральному собранию	2002.04.18	['путин']	['выступление', 'послание']	['послание федеральному собранию']	['послание федеральному собранию']	False	True	False	False	False	False
290	2003.05.16_путин_выступление.послание_послание федеральному собранию	2003.05.16	['путин']	['выступление', 'послание']	['послание федеральному собранию']	['послание федеральному собранию']	False	True	False	False	False	False
291	2003.10.17_путин_статья_россия атэс проблемы и перспективы сотрудничества_международные отношения	2003.10.17	['путин']	['статья']	['россия атэс проблемы и перспективы сотрудничества']	['международные отношения']	False	True	True	False	False	True
292	2004.05.26_путин_выступление.послание_послание федеральному собранию	2004.05.26	['путин']	['выступление', 'послание']	['послание федеральному собранию']	['послание федеральному собранию']	False	True	False	False	False	False
293	2005.04.25_путин_выступление.послание_послание федеральному собранию	2005.04.25	['путин']	['выступление', 'послание']	['послание федеральному собранию']	['послание федеральному собранию']	False	True	False	False	False	False
294	2005.05.07_путин_статья_уроки победы над нацизмом_международные отношения	2005.05.07	['путин']	['статья']	['уроки победы над нацизмом']	['международные отношения']	False	True	True	False	False	True
295	2005.11.17_путин_статья_широкие горизонты сотрудничества_международные отношения	2005.11.17	['путин']	['статья']	['широкие горизонты сотрудничества']	['международные отношения']	False	True	True	False	False	True
296	2006.03.01_путин_статья_группа восьми на пути к саммиту в спб_международные отношения	2006.03.01	['путин']	['статья']	['группа восьми на пути к саммиту в спб']	['международные отношения']	False	True	True	False	False	True
297	2006.05.10_путин_выступление.послание_послание федеральному собранию	2006.05.10	['путин']	['выступление', 'послание']	['послание федеральному собранию']	['послание федеральному собранию']	False	True	False	False	False	False
298	2006.06.14_путин_статья_шос новая модель успешного международного сотрудничества_международные отношения	2006.06.14	['путин']	['статья']	['шос новая модель успешного международного сотрудничества']	['международные отношения']	False	True	True	False	False	True
299	2006.11.17_путин_статья_атэс принципиальный выбор россии в азиатско тихоокеанском регионе_международные отношения	2006.11.17	['путин']	['статья']	['атэс принципиальный выбор россии в азиатско тихоокеанском регионе']	['международные отношения']	False	True	True	False	False	True
300	2006.11.23_путин_статья_через партнерство россии и ес_международные отношения	2006.11.23	['путин']	['статья']	['через партнерство россии и ес']	['международные отношения']	False	True	True	False	False	True
301	2007.03.25_путин_статья_полвека европейской интеграции_международные отношения	2007.03.25	['путин']	['статья']	['полвека европейской интеграции']	['международные отношения']	False	True	True	False	False	True
302	2007.04.26_путин_выступление.послание_послание федеральному собранию	2007.04.26	['путин']	['выступление', 'послание']	['послание федеральному собранию']	['послание федеральному собранию']	False	True	False	False	False	False
303	2008.05.07_медведев_выступление_выступление на церемонии вступления в должность президента_инаугурация.выборы 2008	2008.05.07	['медведев']	['выступление']	['выступление на церемонии вступления в должность президента']	['инаугурация', 'выборы 2008']	False	True	False	False	False	True
304	2008.05.07_путин_выступление_выступление на церемонии вступления в должность президента_инаугурация.выборы 2008	2008.05.07	['путин']	['выступление']	['выступление на церемонии вступления в должность президента']	['инаугурация', 'выборы 2008']	False	True	False	False	False	True
305	2008.08.26_медведев_выступление.обращение к гражданам.тв_обращение к гражданам_военный конфликт в южной осетии	2008.08.26	['медведев']	['выступление', 'обращение к гражданам', 'тв']	['обращение к гражданам']	['военный конфликт в южной осетии']	False	True	False	True	False	True
306	2008.11.05_медведев_выступление.расшифровка.послание_послание федеральному собранию	2008.11.05	['медведев']	['выступление', 'расшифровка', 'послание']	['послание федеральному собранию']	['послание федеральному собранию']	False	True	False	False	False	False
307	2009.03.31_медведев_статья_строя российско американские отношения_международные отношения	2009.03.31	['медведев']	['статья']	['строя российско американские отношения']	['международные отношения']	False	True	True	False	False	True
308	2009.09.10_медведев_статья_россия вперед	2009.09.10	['медведев']	['статья']	['россия вперед']	['россия вперед']	False	True	True	False	False	False
309	2009.11.12_медведев_выступление.послание_послание федеральному собранию	2009.11.12	['медведев']	['выступление', 'послание']	['послание федеральному собранию']	['послание федеральному собранию']	False	True	False	False	False	False
310	2009.11.13_медведев_статья_атэс на пути к стабильному безопасному и процветающему сообществу_международные отношения	2009.11.13	['медведев']	['статья']	['атэс на пути к стабильному безопасному и процветающему сообществу']	['международные отношения']	False	True	True	False	False	True
311	2009.11.13_медведев_статья_роль россии в переходный период_международные отношения	2009.11.13	['медведев']	['статья']	['роль россии в переходный период']	['международные отношения']	False	True	True	False	False	True
312	2010.05.28_медведев_выступление.речь_альтернативы модернизации нет.выступление на встрече партии единая россия_партия единая россия	2010.05.28	['медведев']	['выступление', 'речь']	['альтернативы модернизации нет', 'выступление на встрече партии единая россия']	['партия единая россия']	False	True	False	False	False	True
313	2010.06.05_медведев_выступление.обращение к гражданам.блог_экология и экономика не противоречат друг другу_экономика.экология	2010.06.05	['медведев']	['выступление', 'обращение к гражданам', 'блог']	['экология и экономика не противоречат друг другу']	['экономика', 'экология']	False	True	False	True	False	True
314	2010.10.01_медведев_выступление.обращение к гражданам.блог_забота о пожилых людях приоритет государства и всего общества_социальная политика	2010.10.01	['медведев']	['выступление', 'обращение к гражданам', 'блог']	['забота о пожилых людях приоритет государства и всего общества']	['социальная политика']	False	True	False	True	False	True
315	2010.11.30_медведев_выступление.послание_послание федеральному собранию	2010.11.30	['медведев']	['выступление', 'послание']	['послание федеральному собранию']	['послание федеральному собранию']	False	True	False	False	False	False
316	2011.01.26_медведев_выступление.речь_выступление на открытии всемирного экономического форума	2011.01.26	['медведев']	['выступление', 'речь']	['выступление на открытии всемирного экономического форума']	['выступление на открытии всемирного экономического форума']	False	True	False	False	False	False
317	2011.12.22_медведев_выступление.послание_послание федеральному собранию	2011.12.22	['медведев']	['выступление', 'послание']	['послание федеральному собранию']	['послание федеральному собранию']	False	True	False	False	False	False
318	2012.03.02_медведев_выступление.обращение к гражданам.тв_обращение к гражданам_выборы 2012	2012.03.02	['медведев']	['выступление', 'обращение к гражданам', 'тв']	['обращение к гражданам']	['выборы 2012']	False	True	False	True	False	True
319	2012.12.12_медведев_выступление.послание_послание федеральному собранию	2012.12.12	['медведев']	['выступление', 'послание']	['послание федеральному собранию']	['послание федеральному собранию']	False	True	False	False	False	False
320	2013.12.12_путин_выступление.послание_послание федеральному собранию	2013.12.12	['путин']	['выступление', 'послание']	['послание федеральному собранию']	['послание федеральному собранию']	False	True	False	False	False	False
321	2014.03.18_путин_выступление.обращение_обращение президента рф_военный конфликт в украине.крым	2014.03.18	['путин']	['выступление', 'обращение']	['обращение президента рф']	['военный конфликт в украине', 'крым']	False	True	False	True	False	True
322	2014.03.18_путин_выступление.послание.внеочередное_послание федеральному собранию крым	2014.03.18	['путин']	['выступление', 'послание', 'внеочередное']	['послание федеральному собранию крым']	['послание федеральному собранию крым']	False	True	False	False	False	False
323	2014.07.21_путин_выступление.обращение.тв_обращение_военный конфликт в украине	2014.07.21	['путин']	['выступление', 'обращение', 'тв']	['обращение']	['военный конфликт в украине']	False	True	False	True	False	True
324	2014.08.29_путин_выступление.обращение_обращение к ополчению новороссии_украина	2014.08.29	['путин']	['выступление', 'обращение']	['обращение к ополчению новороссии']	['украина']	False	True	False	True	False	True
325	2014.12.04_путин_выступление.послание_послание федеральному собранию	2014.12.04	['путин']	['выступление', 'послание']	['послание федеральному собранию']	['послание федеральному собранию']	False	True	False	False	False	False
326	2015.12.03_путин_выступление.послание_послание федеральному собранию	2015.12.03	['путин']	['выступление', 'послание']	['послание федеральному собранию']	['послание федеральному собранию']	False	True	False	False	False	False
327	2016.12.01_путин_выступление.послание_послание федеральному собранию	2016.12.01	['путин']	['выступление', 'послание']	['послание федеральному собранию']	['послание федеральному собранию']	False	True	False	False	False	False
328	2016.12.30_путин_заявление_заявление_поздравление трампа.выборы президента сша 2016	2016.12.30	['путин']	['заявление']	['заявление']	['поздравление трампа', 'выборы президента сша 2016']	False	True	True	False	False	True
329	2018.03.01_путин_выступление.послание_послание федеральному собранию	2018.03.01	['путин']	['выступление', 'послание']	['послание федеральному собранию']	['послание федеральному собранию']	False	True	False	False	False	False
330	2018.03.16_путин_выступление.обращение к гражданам.тв_обращение к гражданам_выборы 2018	2018.03.16	['путин']	['выступление', 'обращение к гражданам', 'тв']	['обращение к гражданам']	['выборы 2018']	False	True	False	True	False	True
331	2018.03.23_путин_выступление.обращение к гражданам.тв_обращение к гражданам_итоги выборов.выборы 2018	2018.03.23	['путин']	['выступление', 'обращение к гражданам', 'тв']	['обращение к гражданам']	['итоги выборов', 'выборы 2018']	False	True	False	True	False	True
332	2018.05.07_путин_выступление_выступление на церемонии вступления в должность президента_инаугурация	2018.05.07	['путин']	['выступление']	['выступление на церемонии вступления в должность президента']	['инаугурация']	False	True	False	False	False	True
333	2019.02.20_путин_выступление.послание_послание федеральному собранию	2019.02.20	['путин']	['выступление', 'послание']	['послание федеральному собранию']	['послание федеральному собранию']	False	True	False	False	False	False
334	2020.01.15_путин_выступление.послание_послание федеральному собранию	2020.01.15	['путин']	['выступление', 'послание']	['послание федеральному собранию']	['послание федеральному собранию']	False	True	False	False	False	False
335	2020.03.10_путин_выступление_выступление на пленарном заседании госдумы_поправки к конституции 2020	2020.03.10	['путин']	['выступление']	['выступление на пленарном заседании госдумы']	['поправки к конституции 2020']	False	True	False	False	False	True
336	2020.03.25_путин_выступление.обращение к гражданам.тв_обращение к гражданам_ковид	2020.03.25	['путин']	['выступление', 'обращение к гражданам', 'тв']	['обращение к гражданам']	['ковид']	False	True	False	True	False	True
337	2020.04.02_путин_выступление.обращение к гражданам.тв_обращение к гражданам_ковид	2020.04.02	['путин']	['выступление', 'обращение к гражданам', 'тв']	['обращение к гражданам']	['ковид']	False	True	False	True	False	True
338	2020.06.19_путин_статья_75 лет великой победы общая ответственность перед историей_75 лет победы	2020.06.19	['путин']	['статья']	['75 лет великой победы общая ответственность перед историей']	['75 лет победы']	False	True	True	False	False	True
339	2020.06.23_путин_выступление.обращение к гражданам.тв_обращение к гражданам_ковид	2020.06.23	['путин']	['выступление', 'обращение к гражданам', 'тв']	['обращение к гражданам']	['ковид']	False	True	False	True	False	True
340	2020.07.03_рабочая группа по подготовке предложений о внесении поправок в конституцию рф_конституция_конституция рф.поправки к конституции 2020	2020.07.03	['рабочая группа по подготовке предложений о внесении поправок в конституцию рф']	['конституция']	['конституция рф', 'поправки к конституции 2020']	['конституция рф', 'поправки к конституции 2020']	False	False	True	False	False	False
341	2020.09.22_путин_выступление.речь.видеообращение_выступление на пленарном заседании 75 сессии генассамблеи оон_оон	2020.09.22	['путин']	['выступление', 'речь', 'видеообращение']	['выступление на пленарном заседании 75 сессии генассамблеи оон']	['оон']	False	True	False	True	False	True
342	2020.09.23_путин_заявление.выступление_встреча с сенаторами рф_поправки к конституции 2020	2020.09.23	['путин']	['заявление', 'выступление']	['встреча с сенаторами рф']	['поправки к конституции 2020']	False	True	False	False	False	True
343	2020.11.10_путин_заявление.обращение_заявление_конфликт в нагорном карабахе	2020.11.10	['путин']	['заявление', 'обращение']	['заявление']	['конфликт в нагорном карабахе']	False	True	True	True	False	True
344	2021.04.21_путин_выступление.послание_послание федеральному собранию	2021.04.21	['путин']	['выступление', 'послание']	['послание федеральному собранию']	['послание федеральному собранию']	False	True	False	False	False	False
345	2021.06.22_путин_статья_быть открытыми несмотря на прошлое_80 лет нападению германии на ссср	2021.06.22	['путин']	['статья']	['быть открытыми несмотря на прошлое']	['80 лет нападению германии на ссср']	False	True	True	False	False	True
346	2021.07.12_путин_статья_об историческом единстве русских и украинцев	2021.07.12	['путин']	['статья']	['об историческом единстве русских и украинцев']	['об историческом единстве русских и украинцев']	False	True	True	False	False	False
347	2021.09.16_путин_выступление.обращение к гражданам.тв_обращение к гражданам_выбору в госдуму 2021	2021.09.16	['путин']	['выступление', 'обращение к гражданам', 'тв']	['обращение к гражданам']	['выбору в госдуму 2021']	False	True	False	True	False	True
348	2022.02.21_путин_выступление.обращение к гражданам.тв_обращение к гражданам_украина.днр.лнр	2022.02.21	['путин']	['выступление', 'обращение к гражданам', 'тв']	['обращение к гражданам']	['украина', 'днр', 'лнр']	False	True	False	True	False	True
349	2022.02.24_путин_выступление.обращение к гражданам.тв_обращение к гражданам_сво.24 февраля	2022.02.24	['путин']	['выступление', 'обращение к гражданам', 'тв']	['обращение к гражданам']	['сво', '24 февраля']	False	True	False	True	False	True
350	2022.05.09_путин_выступление.речь.военный парад_выступление на военном параде_парад победы.9 мая	2022.05.09	['путин']	['выступление', 'речь', 'военный парад']	['выступление на военном параде']	['парад победы', '9 мая']	False	True	False	False	False	True
351	2022.09.21_путин_выступление.обращение к гражданам.тв_обращение к гражданам_мобилизация	2022.09.21	['путин']	['выступление', 'обращение к гражданам', 'тв']	['обращение к гражданам']	['мобилизация']	False	True	False	True	False	True
352	2022.09.30_путин_выступление.речь_подписание договоров о включении днр лнр запорожской и херсонской областей в состав россии	2022.09.30	['путин']	['выступление', 'речь']	['подписание договоров о включении днр лнр запорожской и херсонской областей в состав россии']	['подписание договоров о включении днр лнр запорожской и херсонской областей в состав россии']	False	True	False	False	False	False
353	2023.02.21_путин_выступление.послание_послание федеральному собранию	2023.02.21	['путин']	['выступление', 'послание']	['послание федеральному собранию']	['послание федеральному собранию']	False	True	False	False	False	False
354	2023.06.24_путин_выступление.обращение к гражданам.тв_обращение к гражданам_мятеж пригожина	2023.06.24	['путин']	['выступление', 'обращение к гражданам', 'тв']	['обращение к гражданам']	['мятеж пригожина']	False	True	False	True	False	True
355	2023.06.26_путин_выступление.обращение к гражданам.тв_обращение к гражданам_мятеж пригожина	2023.06.26	['путин']	['выступление', 'обращение к гражданам', 'тв']	['обращение к гражданам']	['мятеж пригожина']	False	True	False	True	False	True
356	2023.07.24_путин_статья_россия и африка: объединяя усилия для мира прогресса и успешного будущего_международные отношения	2023.07.24	['путин']	['статья']	['россия и африка: объединяя усилия для мира прогресса и успешного будущего']	['международные отношения']	False	True	True	False	False	True
357	2024.02.29_путин_выступление.послание_послание федеральному собранию	2024.02.29	['путин']	['выступление', 'послание']	['послание федеральному собранию']	['послание федеральному собранию']	False	True	False	False	False	False
358	2024.03.14_путин_выступление.обращение к гражданам.тв_обращение к гражданам_выборы 2024	2024.03.14	['путин']	['выступление', 'обращение к гражданам', 'тв']	['обращение к гражданам']	['выборы 2024']	False	True	False	True	False	True
359	2024.03.21_путин_выступление.обращение к гражданам.тв_обращение к гражданам_выборы 2024.итоги выборов	2024.03.21	['путин']	['выступление', 'обращение к гражданам', 'тв']	['обращение к гражданам']	['выборы 2024', 'итоги выборов']	False	True	False	True	False	True
360	2024.03.23_путин_выступление.обращение к гражданам.тв_обращение к гражданам_теракт в крокусе	2024.03.23	['путин']	['выступление', 'обращение к гражданам', 'тв']	['обращение к гражданам']	['теракт в крокусе']	False	True	False	True	False	True
361	2024.05.07_путин_выступление_выступление на церемонии вступления в должность президента_инаугурация	2024.05.07	['путин']	['выступление']	['выступление на церемонии вступления в должность президента']	['инаугурация']	False	True	False	False	False	True
