,filename,date,authors,genres,names,topics,single_author,leader_in_authors,is_written_text,addressed_to_people,regular_occasion,has_major_topic
0,1894.10.20_николай-ii_манифест_о-восшествии-на-престол,1894.10.20,['николай-ii'],['манифест'],['о-восшествии-на-престол'],['о-восшествии-на-престол'],1.0,True,,,,False
1,1896.01.01_николай-ii_манифест_коронование,1896.01.01,['николай-ii'],['манифест'],['коронование'],['коронование'],1.0,True,,,,False
2,1899.02.03_николай-ii_манифест_законы-княжества-финляндского,1899.02.03,['николай-ii'],['манифест'],['законы-княжества-финляндского'],['законы-княжества-финляндского'],1.0,True,,,,False
3,1903.02.26_николай-ii_манифест_усовершенствование-государственной-власти,1903.02.26,['николай-ii'],['манифест'],['усовершенствование-государственной-власти'],['усовершенствование-государственной-власти'],1.0,True,,,,False
4,1904.01.27_николай-ii_манифест_об-открытии-военных-действий-против-японии_русско-японская-война-1904,1904.01.27,['николай-ii'],['манифест'],['об-открытии-военных-действий-против-японии'],['русско-японская-война-1904'],1.0,True,,,,True
5,1904.12.12_николай-ii_указ_о-предначертаниях-к-усовершенствованию-государственного-порядка,1904.12.12,['николай-ii'],['указ'],['о-предначертаниях-к-усовершенствованию-государственного-порядка'],['о-предначертаниях-к-усовершенствованию-государственного-порядка'],1.0,True,,,,False
6,1905.08.06_николай-ii_манифест_учреждение-госдумы-1,1905.08.06,['николай-ii'],['манифест'],['учреждение-госдумы-1'],['учреждение-госдумы-1'],1.0,True,,,,False
7,1905.10.17_николай-ii_манифест_об-усовершенствовании-государственного-порядка_революция-1905,1905.10.17,['николай-ii'],['манифест'],['об-усовершенствовании-государственного-порядка'],['революция-1905'],1.0,True,,,,True
8,1906.07.06_николай-ii_манифест_роспуск-думы-1,1906.07.06,['николай-ii'],['манифест'],['роспуск-думы-1'],['роспуск-думы-1'],1.0,True,,,,False
9,1907.06.03_николай-ii_манифест_роспуск-думы-2,1907.06.03,['николай-ii'],['манифест'],['роспуск-думы-2'],['роспуск-думы-2'],1.0,True,,,,False
10,1914.07.20_николай-ii_манифест_об-объявлении-военных-действий-между-россией-и-германией_1-мировая-война,1914.07.20,['николай-ii'],['манифест'],['об-объявлении-военных-действий-между-россией-и-германией'],['1-мировая-война'],1.0,True,,,,True
11,1914.08.01_николай-ii_воззвание_воззвание-к-полякам_1-мировая-война,1914.08.01,['николай-ii'],['воззвание'],['воззвание-к-полякам'],['1-мировая-война'],1.0,True,,,,True
12,1914.10.20_николай-ii_манифест_об-объявлении-войны-турции_1-мировая-война,1914.10.20,['николай-ii'],['манифест'],['об-объявлении-войны-турции'],['1-мировая-война'],1.0,True,,,,True
13,1917.03.02_николай-ii_манифест_отречение,1917.03.02,['николай-ii'],['манифест'],['отречение'],['отречение'],1.0,True,,,,False
14,1917.03.03_временное-правительство_декларация.обращение-к-гражданам_декларация-о-составе-и-задачах,1917.03.03,['временное-правительство'],"['декларация', 'обращение-к-гражданам']",['декларация-о-составе-и-задачах'],['декларация-о-составе-и-задачах'],,False,,,,False
15,1917.03.03_временное-правительство_телеграмма.за-границу_о-взятии-власти,1917.03.03,['временное-правительство'],"['телеграмма', 'за-границу']",['о-взятии-власти'],['о-взятии-власти'],,False,,,,False
16,1917.03.06_временное-правительство_обращение-к-гражданам_создание-временного-правительства,1917.03.06,['временное-правительство'],['обращение-к-гражданам'],['создание-временного-правительства'],['создание-временного-правительства'],,False,,,,False
17,1917.03.22_временное-правительство_постановление.власть_об-отмене-вероисповедных-и-национальных-ограничений,1917.03.22,['временное-правительство'],"['постановление', 'власть']",['об-отмене-вероисповедных-и-национальных-ограничений'],['об-отмене-вероисповедных-и-национальных-ограничений'],,False,,,,False
18,1917.04.12_временное-правительство_постановление.власть_о-собраниях-и-союзах,1917.04.12,['временное-правительство'],"['постановление', 'власть']",['о-собраниях-и-союзах'],['о-собраниях-и-союзах'],,False,,,,False
19,1917.06.09_временное-правительство_постановление_форма-присяги-гражданина,1917.06.09,['временное-правительство'],['постановление'],['форма-присяги-гражданина'],['форма-присяги-гражданина'],,False,,,,False
20,1917.07.12_временное-правительство_постановление_о-введении-военно-революционных-судов_1-мировая-война,1917.07.12,['временное-правительство'],['постановление'],['о-введении-военно-революционных-судов'],['1-мировая-война'],,False,,,,True
21,1917.07.14_временное-правительство_постановление_о-свободе-совести,1917.07.14,['временное-правительство'],['постановление'],['о-свободе-совести'],['о-свободе-совести'],,False,,,,False
22,1917.09.01_временное-правительство_постановление_о-провозглашении-республики,1917.09.01,['временное-правительство'],['постановление'],['о-провозглашении-республики'],['о-провозглашении-республики'],,False,,,,False
23,1917.11.07_военно-революционный-комитет_обращение-к-гражданам_низложение-временного-правительства,1917.11.07,['военно-революционный-комитет'],['обращение-к-гражданам'],['низложение-временного-правительства'],['низложение-временного-правительства'],,False,,,,False
24,1917.11.07_съезд-советов.съезд-советов-2_обращение-к-гражданам_революция,1917.11.07,"['съезд-советов', 'съезд-советов-2']",['обращение-к-гражданам'],['революция'],['революция'],True,False,,,,False
25,1917.11.08_съезд-советов.съезд-советов-2_декрет.постановление_о-переходе-власти-к-советам_октябрьская-революция,1917.11.08,"['съезд-советов', 'съезд-советов-2']","['декрет', 'постановление']",['о-переходе-власти-к-советам'],['октябрьская-революция'],True,False,,,,True
26,1917.11.08_съезд-советов.съезд-советов-2_декрет_о-земле,1917.11.08,"['съезд-советов', 'съезд-советов-2']",['декрет'],['о-земле'],['о-земле'],True,False,,,,False
27,1917.11.08_съезд-советов.съезд-советов-2_декрет_о-мире,1917.11.08,"['съезд-советов', 'съезд-советов-2']",['декрет'],['о-мире'],['о-мире'],True,False,,,,False
28,1917.11.08_съезд-советов.съезд-советов-2_декрет_создание-рабочего-и-крестьянского-правительства,1917.11.08,"['съезд-советов', 'съезд-советов-2']",['декрет'],['создание-рабочего-и-крестьянского-правительства'],['создание-рабочего-и-крестьянского-правительства'],True,False,,,,False
29,1917.11.08_съезд-советов.съезд-советов-2_обращение_к-казакам,1917.11.08,"['съезд-советов', 'съезд-советов-2']",['обращение'],['к-казакам'],['к-казакам'],True,False,,,,False
30,1917.11.09_ленин.правительство_обращение_обращение-всем-советам-рабочим-и-крестьянам-об-избрании-вцик,1917.11.09,"['ленин', 'правительство']",['обращение'],['обращение-всем-советам-рабочим-и-крестьянам-об-избрании-вцик'],['обращение-всем-советам-рабочим-и-крестьянам-об-избрании-вцик'],True,True,,,,False
31,1917.11.09_ленин_декрет_о-печати,1917.11.09,['ленин'],['декрет'],['о-печати'],['о-печати'],True,True,,,,False
32,1917.11.11_снк.ларин_декрет_о-рабочем-графике,1917.11.11,"['снк', 'ларин']",['декрет'],['о-рабочем-графике'],['о-рабочем-графике'],True,False,,,,False
33,1917.11.12_ленин_декрет_о-порядке-утверждения-и-опубликования-законов,1917.11.12,['ленин'],['декрет'],['о-порядке-утверждения-и-опубликования-законов'],['о-порядке-утверждения-и-опубликования-законов'],True,True,,,,False
34,1917.11.15_ленин.сталин_декларация_декларация-прав-народов-России,1917.11.15,"['ленин', 'сталин']",['декларация'],['декларация-прав-народов-России'],['декларация-прав-народов-России'],True,True,,,,False
35,1917.11.17_вцик_резолюция_по-вопросу-о-печати_о-печати,1917.11.17,['вцик'],['резолюция'],['по-вопросу-о-печати'],['о-печати'],False,False,,,,True
36,1917.11.18_ленин_обращение_обращение-председателя-снк-к-населению.победа-революции-в-петрограде_октябрьская-революция,1917.11.18,['ленин'],['обращение'],"['обращение-председателя-снк-к-населению', 'победа-революции-в-петрограде']",['октябрьская-революция'],True,True,,,,True
37,1917.11.21_вцик_резолюция_о-борьбе-с-саботажем-в-госбанке,1917.11.21,['вцик'],['резолюция'],['о-борьбе-с-саботажем-в-госбанке'],['о-борьбе-с-саботажем-в-госбанке'],False,False,,,,False
38,1917.11.24_вцик.ленин.свердлов.бонч-бруевич.горбунов_декрет_об-уничтожении-сословий,1917.11.24,"['вцик', 'ленин', 'свердлов', 'бонч-бруевич', 'горбунов']",['декрет'],['об-уничтожении-сословий'],['об-уничтожении-сословий'],True,True,,,,False
39,1917.11.27_ленин.шляпников.бонч-бруевич.горбунов_положение_о-рабочем-контроле,1917.11.27,"['ленин', 'шляпников', 'бонч-бруевич', 'горбунов']",['положение'],['о-рабочем-контроле'],['о-рабочем-контроле'],True,True,,,,False
40,1917.11.27_ленин_обращение_обращение-к-народам-воюющих-стран,1917.11.27,['ленин'],['обращение'],['обращение-к-народам-воюющих-стран'],['обращение-к-народам-воюющих-стран'],True,True,,,,False
41,1917.12.03_ленин.сталин_обращение_обращение-к-мусульманам-России,1917.12.03,"['ленин', 'сталин']",['обращение'],['обращение-к-мусульманам-России'],['обращение-к-мусульманам-России'],True,True,,,,False
42,1917.12.08_снк_обращение_обращение-ко-всему-населению_обращение-к-населению.борьба-с-контрреволюционным-восстанием,1917.12.08,['снк'],['обращение'],['обращение-ко-всему-населению'],"['обращение-к-населению', 'борьба-с-контрреволюционным-восстанием']",False,False,,,,True
43,1917.12.17_снк_манифест_к-украинскому-народу-с-ультимативными-требованиями-к-центральной-раде,1917.12.17,['снк'],['манифест'],['к-украинскому-народу-с-ультимативными-требованиями-к-центральной-раде'],['к-украинскому-народу-с-ультимативными-требованиями-к-центральной-раде'],False,False,,,,False
44,1917.12.20_снк_постановление_о-создании-вчк,1917.12.20,['снк'],['постановление'],['о-создании-вчк'],['о-создании-вчк'],False,False,,,,False
45,1917.12.21_вцик_воззвание_воззвание-вцик-и-других-организаций-к-украинским-рабочим-солдатам-крестьянам-ко-всему-украинскому-народу,1917.12.21,['вцик'],['воззвание'],['воззвание-вцик-и-других-организаций-к-украинским-рабочим-солдатам-крестьянам-ко-всему-украинскому-народу'],['воззвание-вцик-и-других-организаций-к-украинским-рабочим-солдатам-крестьянам-ко-всему-украинскому-народу'],False,False,,,,False
46,1917.12.21_вцик_воззвание_воззвание-к-трудящимся-всех-стран,1917.12.21,['вцик'],['воззвание'],['воззвание-к-трудящимся-всех-стран'],['воззвание-к-трудящимся-всех-стран'],False,False,,,,False
47,1917.12.22_ленин.другие_обращение.постановление_ко-всему-трудовому-казачеству.отмена-обязательной-воинской-повинности-и-других-льготах-казакам,1917.12.22,"['ленин', 'другие']","['обращение', 'постановление']","['ко-всему-трудовому-казачеству', 'отмена-обязательной-воинской-повинности-и-других-льготах-казакам']","['ко-всему-трудовому-казачеству', 'отмена-обязательной-воинской-повинности-и-других-льготах-казакам']",True,True,,,,False
48,1917.12.22_снк_обращение_обращение-ко-всем-товарищам-рабочим-России-в-связи-с-демобилизацией-промышленности,1917.12.22,['снк'],['обращение'],['обращение-ко-всем-товарищам-рабочим-России-в-связи-с-демобилизацией-промышленности'],['обращение-ко-всем-товарищам-рабочим-России-в-связи-с-демобилизацией-промышленности'],False,False,,,,False
49,1917.12.24_ленин.сталин_инструкция_о-правах-советов,1917.12.24,"['ленин', 'сталин']",['инструкция'],['о-правах-советов'],['о-правах-советов'],True,True,,,,False
50,1917.12.27_вцик_декрет_о-национализации-банков,1917.12.27,['вцик'],['декрет'],['о-национализации-банков'],['о-национализации-банков'],False,False,,,,False
51,1917.12.29_ленин.снк_декрет_об-уравнении-всех-военнослужащих-в-правах,1917.12.29,"['ленин', 'снк']",['декрет'],['об-уравнении-всех-военнослужащих-в-правах'],['об-уравнении-всех-военнослужащих-в-правах'],True,True,,,,False
52,1918.01.16_вцик_декларация_декларация-прав-трудящихся,1918.01.16,['вцик'],['декларация'],['декларация-прав-трудящихся'],['декларация-прав-трудящихся'],False,False,,,,False
53,1918.01.19_вцик_декрет_о-роспуске-учредительного-собрания,1918.01.19,['вцик'],['декрет'],['о-роспуске-учредительного-собрания'],['о-роспуске-учредительного-собрания'],False,False,,,,False
54,1918.01.23_съезд-советов.съезд-советов-3_телеграмма_телеграмма-иностранным-пролетарским-организациям.приветствие-иностранным-пролетарским-организациям,1918.01.23,"['съезд-советов', 'съезд-советов-3']",['телеграмма'],"['телеграмма-иностранным-пролетарским-организациям', 'приветствие-иностранным-пролетарским-организациям']","['телеграмма-иностранным-пролетарским-организациям', 'приветствие-иностранным-пролетарским-организациям']",True,False,,,,False
55,1918.01.25_съезд-советов.съезд-советов-3_декларация_декларация-прав-трудящегося-и-эксплуатируемого-народа,1918.01.25,"['съезд-советов', 'съезд-советов-3']",['декларация'],['декларация-прав-трудящегося-и-эксплуатируемого-народа'],['декларация-прав-трудящегося-и-эксплуатируемого-народа'],True,False,,,,False
56,1918.01.28_ленин.другие_декрет_об-организации-красной-армии,1918.01.28,"['ленин', 'другие']",['декрет'],['об-организации-красной-армии'],['об-организации-красной-армии'],True,True,,,,False
57,1918.01.28_съезд-советов.съезд-советов-3_резолюция_о-политике-снк-по-национальному-вопросу,1918.01.28,"['съезд-советов', 'съезд-советов-3']",['резолюция'],['о-политике-снк-по-национальному-вопросу'],['о-политике-снк-по-национальному-вопросу'],True,False,,,,False
58,1918.01.29_съезд-советов.съезд-советов-3_обращение_обращение-к-трудовому-казачеству,1918.01.29,"['съезд-советов', 'съезд-советов-3']",['обращение'],['обращение-к-трудовому-казачеству'],['обращение-к-трудовому-казачеству'],True,False,,,,False
59,1918.01.31_съезд-советов.съезд-советов-3_постановление_о-новом-наименовании-верховной-гос-власти,1918.01.31,"['съезд-советов', 'съезд-советов-3']",['постановление'],['о-новом-наименовании-верховной-гос-власти'],['о-новом-наименовании-верховной-гос-власти'],True,False,,,,False
60,1918.02.02_ленин.снк_декрет_о-свободе-совести-церковных-и-религиозных-обществах,1918.02.02,"['ленин', 'снк']",['декрет'],['о-свободе-совести-церковных-и-религиозных-обществах'],['о-свободе-совести-церковных-и-религиозных-обществах'],True,True,,,,False
61,1918.02.02_ленин.снк_декрет_об-отделении-церкви-от-государства-и-церкви-от-школы,1918.02.02,"['ленин', 'снк']",['декрет'],['об-отделении-церкви-от-государства-и-церкви-от-школы'],['об-отделении-церкви-от-государства-и-церкви-от-школы'],True,True,,,,False
62,1918.02.05_ленин.снк_декрет_о-конфискации-активов-бывших-частных-банков,1918.02.05,"['ленин', 'снк']",['декрет'],['о-конфискации-активов-бывших-частных-банков'],['о-конфискации-активов-бывших-частных-банков'],True,True,,,,False
63,1918.02.06_ленин.снк_декрет_о-введении-западноевропейского-календаря,1918.02.06,"['ленин', 'снк']",['декрет'],['о-введении-западноевропейского-календаря'],['о-введении-западноевропейского-календаря'],True,True,,,,False
64,1918.02.10_снк_декрет_о-революционном-трибунале-печати,1918.02.10,['снк'],['декрет'],['о-революционном-трибунале-печати'],['о-революционном-трибунале-печати'],False,False,,,,False
65,1918.02.13_снк_постановление_постановление-об-образовании-чрезвычайной-комиссии-по-продовольствию,1918.02.13,['снк'],['постановление'],['постановление-об-образовании-чрезвычайной-комиссии-по-продовольствию'],['постановление-об-образовании-чрезвычайной-комиссии-по-продовольствию'],False,False,,,,False
66,1918.02.14_вцик_резолюция.призыв_одобрение-доклада-мирной-делегации.создание-красной-армии_брестский-мир.1-мировая-война,1918.02.14,['вцик'],"['резолюция', 'призыв']","['одобрение-доклада-мирной-делегации', 'создание-красной-армии']","['брестский-мир', '1-мировая-война']",False,False,,,,True
67,1918.02.21_снк_декрет_социалистическое-отечество-в-опасности,1918.02.21,['снк'],['декрет'],['социалистическое-отечество-в-опасности'],['социалистическое-отечество-в-опасности'],False,False,,,,False
68,1918.02.21_снк_обращение_к-трудящемуся-населению-всей-россии_красная-армия,1918.02.21,['снк'],['обращение'],['к-трудящемуся-населению-всей-россии'],['красная-армия'],False,False,,,,True
69,1918.03.07_ленин_выступление.отчет.доклад_политический-отчет-цк_съезд-ркпб-7,1918.03.07,['ленин'],"['выступление', 'отчет', 'доклад']",['политический-отчет-цк'],['съезд-ркпб-7'],True,True,,,,True
70,1918.03.08_ленин-ркпб-7_резолюция.фрагмент_о-войне-и-мире.съезд-ркпб-7,1918.03.08,['ленин-ркпб-7'],"['резолюция', 'фрагмент']","['о-войне-и-мире', 'съезд-ркпб-7']","['о-войне-и-мире', 'съезд-ркпб-7']",False,False,,,,False
71,1918.03.08_ленин_выступление.фрагмент_вопрос-о-брестском-мире_съезд-ркпб-7.брестский-мир.1-мировая-война,1918.03.08,['ленин'],"['выступление', 'фрагмент']",['вопрос-о-брестском-мире'],"['съезд-ркпб-7', 'брестский-мир', '1-мировая-война']",True,True,,,,True
72,1918.03.15_ленин.снк_постановление_о-ратификации-брест-литовского-мирного-договора_брестский-мир.1-мировая-война,1918.03.15,"['ленин', 'снк']",['постановление'],['о-ратификации-брест-литовского-мирного-договора'],"['брестский-мир', '1-мировая-война']",True,True,,,,True
73,1918.03.16_съезд-советов.съезд-советов-3_постановление_о-перенесении-столицы-из-петрограда-в-москву,1918.03.16,"['съезд-советов', 'съезд-советов-3']",['постановление'],['о-перенесении-столицы-из-петрограда-в-москву'],['о-перенесении-столицы-из-петрограда-в-москву'],True,False,,,,False
74,1918.04.03_снк_резолюция_в-связи-с-объявлением-украинской-народной-республики,1918.04.03,['снк'],['резолюция'],['в-связи-с-объявлением-украинской-народной-республики'],['в-связи-с-объявлением-украинской-народной-республики'],False,False,,,,False
75,1918.04.05_снк_сообщение_о-начале-японской-интервенции_интервенция,1918.04.05,['снк'],['сообщение'],['о-начале-японской-интервенции'],['интервенция'],False,False,,,,True
76,1918.04.12_ленин.снк_декрет_о-памятниках-республики,1918.04.12,"['ленин', 'снк']",['декрет'],['о-памятниках-республики'],['о-памятниках-республики'],True,True,,,,False
77,1918.04.16_ленин-снк_декрет_об-организации-управления-почтово-телеграфным-делом,1918.04.16,['ленин-снк'],['декрет'],['об-организации-управления-почтово-телеграфным-делом'],['об-организации-управления-почтово-телеграфным-делом'],False,False,,,,False
78,1918.04.22_вцик_декрет_об-обязательном-обучении-военному-искусству_срочная-служба,1918.04.22,['вцик'],['декрет'],['об-обязательном-обучении-военному-искусству'],['срочная-служба'],False,False,,,,True
79,1918.04.22_вцик_формула-обещания_формула-обещания-воинов-красной-армии_срочная-служба,1918.04.22,['вцик'],['формула-обещания'],['формула-обещания-воинов-красной-армии'],['срочная-служба'],False,False,,,,True
80,1918.04.22_ленин.сталин_телеграмма_телеграмма-съезду-советов-туркестана-о-поддержке-автономии-туркестана-на-советских-началах,1918.04.22,"['ленин', 'сталин']",['телеграмма'],['телеграмма-съезду-советов-туркестана-о-поддержке-автономии-туркестана-на-советских-началах'],['телеграмма-съезду-советов-туркестана-о-поддержке-автономии-туркестана-на-советских-началах'],True,True,,,,False
81,1918.04.26_вцик_обращение_обращение-ко-всем-советам-о-принятии-мер-к-организации-первомая_первомай,1918.04.26,['вцик'],['обращение'],['обращение-ко-всем-советам-о-принятии-мер-к-организации-первомая'],['первомай'],False,False,,,,True
82,1918.04.30_вцик_обращение_обращение-к-рабочим-и-крестьянам-гражданам-рсфср_первомай,1918.04.30,['вцик'],['обращение'],['обращение-к-рабочим-и-крестьянам-гражданам-рсфср'],['первомай'],False,False,,,,True
83,1918.05.06_вцик_предписание.положение_предписание-советам-руководствоваться-положениями-ленина,1918.05.06,['вцик'],"['предписание', 'положение']",['предписание-советам-руководствоваться-положениями-ленина'],['предписание-советам-руководствоваться-положениями-ленина'],False,False,,,,False
84,1918.05.13_вцик.моссовет_резолюция_о-докладе-лениа_внешняя-политика,1918.05.13,"['вцик', 'моссовет']",['резолюция'],['о-докладе-лениа'],['внешняя-политика'],True,False,,,,True
85,1918.05.13_ленин.снк.вцик_декрет_о-чрезвычайных-полномочиях-наркома-по-продовольствию,1918.05.13,"['ленин', 'снк', 'вцик']",['декрет'],['о-чрезвычайных-полномочиях-наркома-по-продовольствию'],['о-чрезвычайных-полномочиях-наркома-по-продовольствию'],True,True,,,,False
86,1918.05.20_вцик_резолюция_резолюция-по-докладу-свердлова_задачи-советов-в-деревне,1918.05.20,['вцик'],['резолюция'],['резолюция-по-докладу-свердлова'],['задачи-советов-в-деревне'],False,False,,,,True
87,1918.05.21_ленин_обращение_к-питерским-рабочим_организация-продотрядов,1918.05.21,['ленин'],['обращение'],['к-питерским-рабочим'],['организация-продотрядов'],True,True,,,,True
88,1918.05.22_цк-ркпб.ркпб-7_письмо.циркулярное-письмо_об-укреплении-рядов-ркпб,1918.05.22,"['цк-ркпб', 'ркпб-7']","['письмо', 'циркулярное-письмо']",['об-укреплении-рядов-ркпб'],['об-укреплении-рядов-ркпб'],True,False,,,,False
89,1918.05.29_вцик_постановление_о-переходе-к-всеобщей-мобилизации_мобилизация,1918.05.29,['вцик'],['постановление'],['о-переходе-к-всеобщей-мобилизации'],['мобилизация'],False,False,,,,True
90,1918.05.29_ленин.снк_обращение.обращение-к-населению_о-борьбе-с-голодом_голод,1918.05.29,"['ленин', 'снк']","['обращение', 'обращение-к-населению']",['о-борьбе-с-голодом'],['голод'],True,True,,,,True
91,1918.05.30_ленин.снк_обращение.обращение-к-населению_о-положении-на-продовольственном-фронте-и-о-борьбе-с-контрреволюцией,1918.05.30,"['ленин', 'снк']","['обращение', 'обращение-к-населению']",['о-положении-на-продовольственном-фронте-и-о-борьбе-с-контрреволюцией'],['о-положении-на-продовольственном-фронте-и-о-борьбе-с-контрреволюцией'],True,True,,,,False
92,1918.05.30_ленин.снк_обращение_обращение-к-трудовым-казакам-дона-и-кубани-о-борьбе-с-контрреволюцией_борьба-с-контрреволюцией,1918.05.30,"['ленин', 'снк']",['обращение'],['обращение-к-трудовым-казакам-дона-и-кубани-о-борьбе-с-контрреволюцией'],['борьба-с-контрреволюцией'],True,True,,,,True
93,1918.06.03_ленин_декрет_о-национализации-третьяковки-национализация,1918.06.03,['ленин'],['декрет'],['о-национализации-третьяковки-национализация'],['о-национализации-третьяковки-национализация'],True,True,,,,False
94,1918.06.04_вцик.моссовет.профсоюзы_резолюция_резолюция-по-докладу-ленина_голод,1918.06.04,"['вцик', 'моссовет', 'профсоюзы']",['резолюция'],['резолюция-по-докладу-ленина'],['голод'],True,False,,,,True
95,1918.06.13_ленин.снк_декрет_о-национализации-имущества-императорского-дома_николай-ii.национализация,1918.06.13,"['ленин', 'снк']",['декрет'],['о-национализации-имущества-императорского-дома'],"['николай-ii', 'национализация']",True,True,,,,True
96,1918.06.14_вцик_постановление_исключение-из-вцик-и-советов-сров-и-меньшевиков,1918.06.14,['вцик'],['постановление'],['исключение-из-вцик-и-советов-сров-и-меньшевиков'],['исключение-из-вцик-и-советов-сров-и-меньшевиков'],False,False,,,,False
97,1918.06.22_ленин.снк_воззвание_воззвание-к-железнодорожникам_забастовки,1918.06.22,"['ленин', 'снк']",['воззвание'],['воззвание-к-железнодорожникам'],['забастовки'],True,True,,,,True
98,1918.07.01_ленин.снк_положение_об-объявлении-врагом-народа-председателя-мурманского-совета,1918.07.01,"['ленин', 'снк']",['положение'],['об-объявлении-врагом-народа-председателя-мурманского-совета'],['об-объявлении-врагом-народа-председателя-мурманского-совета'],True,True,,,,False
99,1918.07.06_снк_сообщение.правительственное-сообщение_убийство-германского-посла,1918.07.06,['снк'],"['сообщение', 'правительственное-сообщение']",['убийство-германского-посла'],['убийство-германского-посла'],False,False,,,,False
100,1918.07.07_снк_сообщение.правительственное-сообщение_о-принятии-мер-для-подавления-мятежа-сров_мятеж-сров,1918.07.07,['снк'],"['сообщение', 'правительственное-сообщение']",['о-принятии-мер-для-подавления-мятежа-сров'],['мятеж-сров'],False,False,,,,True
101,1918.07.08_снк_сообщение.правительственное-сообщение_о-ликвидации-контрреволюционного-восстания_мятеж-сров,1918.07.08,['снк'],"['сообщение', 'правительственное-сообщение']",['о-ликвидации-контрреволюционного-восстания'],['мятеж-сров'],False,False,,,,True
102,1918.07.10_съезд-советов.съезд-советов-5_постановление_организация-красной-армии,1918.07.10,"['съезд-советов', 'съезд-советов-5']",['постановление'],['организация-красной-армии'],['организация-красной-армии'],True,False,,,,False
103,1918.07.25_ленин.снк_постановление_о-борьбе-с-антисемитизмом-и-еврейскими-погромами_борьба-с-антисемитизмом,1918.07.25,"['ленин', 'снк']",['постановление'],['о-борьбе-с-антисемитизмом-и-еврейскими-погромами'],['борьба-с-антисемитизмом'],True,True,,,,True
104,1918.09.05_снк_постановление_о-красном-терроре,1918.09.05,['снк'],['постановление'],['о-красном-терроре'],['о-красном-терроре'],False,False,,,,False
105,1918.10.10_ленин.снк_декрет_о-новой-орфографии,1918.10.10,"['ленин', 'снк']",['декрет'],['о-новой-орфографии'],['о-новой-орфографии'],True,True,,,,False
106,1918.11.08_съезд-советов.съезд-советов-6_постановление_о-революционной-законности,1918.11.08,"['съезд-советов', 'съезд-советов-6']",['постановление'],['о-революционной-законности'],['о-революционной-законности'],True,False,,,,False
107,1918.11.09_съезд-советов.съезд-советов-6_постановление_о-строительстве-советской-власти-в-центре-комитетах-бедноты-и-советах-на-местах,1918.11.09,"['съезд-советов', 'съезд-советов-6']",['постановление'],['о-строительстве-советской-власти-в-центре-комитетах-бедноты-и-советах-на-местах'],['о-строительстве-советской-власти-в-центре-комитетах-бедноты-и-советах-на-местах'],True,False,,,,False
108,1918.12.10_ленин.снк_декрет_о-мобилизации-грамотных-и-организации-пропаганды-советского-строя_пропаганда,1918.12.10,"['ленин', 'снк']",['декрет'],['о-мобилизации-грамотных-и-организации-пропаганды-советского-строя'],['пропаганда'],True,True,,,,True
109,1918.12.19_ленин.снк_декрет_о-запрещении-устройства-лотерей,1918.12.19,"['ленин', 'снк']",['декрет'],['о-запрещении-устройства-лотерей'],['о-запрещении-устройства-лотерей'],True,True,,,,False
110,1919.01.04_ленин.снк_постановление_об-учреждении-совета-защиты-детей,1919.01.04,"['ленин', 'снк']",['постановление'],['об-учреждении-совета-защиты-детей'],['об-учреждении-совета-защиты-детей'],True,True,,,,False
111,1919.03.18_ленин_выступление.отчет.фрагмент_отчет-цк_съезд-ркпб-8,1919.03.18,['ленин'],"['выступление', 'отчет', 'фрагмент']",['отчет-цк'],['съезд-ркпб-8'],True,True,,,,True
112,1919.03.18_ленин_выступление.фрагмент_о-деятельности-федерации-иностранных-групп_съезд-ркпб-8,1919.03.18,['ленин'],"['выступление', 'фрагмент']",['о-деятельности-федерации-иностранных-групп'],['съезд-ркпб-8'],True,True,,,,True
113,1919.03.18_цк-ркпб.съезд-ркпб-8.бюро-мусульманских-организаций_отчет_отчет-бюро-мусульманских-организаций,1919.03.18,"['цк-ркпб', 'съезд-ркпб-8', 'бюро-мусульманских-организаций']",['отчет'],['отчет-бюро-мусульманских-организаций'],['отчет-бюро-мусульманских-организаций'],True,False,,,,False
114,1919.03.20_съезд-ркпб-8_приветствие_приветствие-красной-армии,1919.03.20,['съезд-ркпб-8'],['приветствие'],['приветствие-красной-армии'],['приветствие-красной-армии'],False,False,,,,False
115,1920.09.22_ленин_выступление.отчет_политический-отчет-цк_съезд-ркпб-9,1920.09.22,['ленин'],"['выступление', 'отчет']",['политический-отчет-цк'],['съезд-ркпб-9'],True,True,,,,True
116,1920.12.21_ленин.снк_декрет_об-использовании-крыма-для-лечения-трудящихся,1920.12.21,"['ленин', 'снк']",['декрет'],['об-использовании-крыма-для-лечения-трудящихся'],['об-использовании-крыма-для-лечения-трудящихся'],True,True,,,,False
117,1921.03.05_ленин_выступление.отчет.фрагмент_политический-отчет_съезд-ркпб-10,1921.03.05,['ленин'],"['выступление', 'отчет', 'фрагмент']",['политический-отчет'],['съезд-ркпб-10'],True,True,,,,True
118,1921.03.07_съезд-ркпб-10_резолюция_о-единстве-партии,1921.03.07,['съезд-ркпб-10'],['резолюция'],['о-единстве-партии'],['о-единстве-партии'],False,False,,,,False
119,1921.03.07_цк-ркпб.ркпб-10_отчет.фрагмент_о-деятельности-партии,1921.03.07,"['цк-ркпб', 'ркпб-10']","['отчет', 'фрагмент']",['о-деятельности-партии'],['о-деятельности-партии'],True,False,,,,False
120,1921.05.13_ленин.снк_декрет_о-домах-отдыха,1921.05.13,"['ленин', 'снк']",['декрет'],['о-домах-отдыха'],['о-домах-отдыха'],True,True,,,,False
121,1921.12.15_ленин.снк.вцик.калинин.енукидзе_декрет_о-лишении-гражданства,1921.12.15,"['ленин', 'снк', 'вцик', 'калинин', 'енукидзе']",['декрет'],['о-лишении-гражданства'],['о-лишении-гражданства'],True,True,,,,False
122,1922.03.27_ленин_выступление.фрагмент.отчет_политический-отчет_съезд-ркпб-11,1922.03.27,['ленин'],"['выступление', 'фрагмент', 'отчет']",['политический-отчет'],['съезд-ркпб-11'],True,True,,,,True
123,1922.04.02_съезд-ркпб-11_резолюция_о-некоторых-членах-бывшей-оппозиции,1922.04.02,['съезд-ркпб-11'],['резолюция'],['о-некоторых-членах-бывшей-оппозиции'],['о-некоторых-членах-бывшей-оппозиции'],False,False,,,,False
124,1922.12.23_ленин_статья.письмо_письмо-к-съезду_политическое-завещание,1922.12.23,['ленин'],"['статья', 'письмо']",['письмо-к-съезду'],['политическое-завещание'],True,True,,,,True
125,1922.12.25_ленин_статья.письмо_письмо-к-съезду-продолжение_политическое-завещание,1922.12.25,['ленин'],"['статья', 'письмо']",['письмо-к-съезду-продолжение'],['политическое-завещание'],True,True,,,,True
126,1922.12.27_ленин_статья_о-придании-законодательных-функций-госплану,1922.12.27,['ленин'],['статья'],['о-придании-законодательных-функций-госплану'],['о-придании-законодательных-функций-госплану'],True,True,,,,False
127,1922.12.30_ленин_статья_к-вопросу-о-национальностях-или-об-автономизации,1922.12.30,['ленин'],['статья'],['к-вопросу-о-национальностях-или-об-автономизации'],['к-вопросу-о-национальностях-или-об-автономизации'],True,True,,,,False
128,1922.12.31_ленин_статья_к-вопросу-о-национальностях-или-об-автономизации-продолжение-2,1922.12.31,['ленин'],['статья'],['к-вопросу-о-национальностях-или-об-автономизации-продолжение-2'],['к-вопросу-о-национальностях-или-об-автономизации-продолжение-2'],True,True,,,,False
129,1922.12.31_ленин_статья_к-вопросу-о-национальностях-или-об-автономизации-продолжение,1922.12.31,['ленин'],['статья'],['к-вопросу-о-национальностях-или-об-автономизации-продолжение'],['к-вопросу-о-национальностях-или-об-автономизации-продолжение'],True,True,,,,False
130,1923.01.02_ленин_статья.записки.дневник_странички-из-дневника-о-необходимости-шефства-рабочих-над-деревней,1923.01.02,['ленин'],"['статья', 'записки', 'дневник']",['странички-из-дневника-о-необходимости-шефства-рабочих-над-деревней'],['странички-из-дневника-о-необходимости-шефства-рабочих-над-деревней'],True,True,,,,False
131,1923.01.06_ленин_статья_о-кооперации,1923.01.06,['ленин'],['статья'],['о-кооперации'],['о-кооперации'],True,True,,,,False
132,1923.01.17_ленин_статья_о-нашей-революции_ответ-на-записки-суханова,1923.01.17,['ленин'],['статья'],['о-нашей-революции'],['ответ-на-записки-суханова'],True,True,,,,True
133,1923.01.23_ленин_статья.предложение-съезду-партии_как-нам-реорганизовать-рабкрин,1923.01.23,['ленин'],"['статья', 'предложение-съезду-партии']",['как-нам-реорганизовать-рабкрин'],['как-нам-реорганизовать-рабкрин'],True,True,,,,False
134,1923.03.02_ленин_статья_лучше-меньше-да-лучше,1923.03.02,['ленин'],['статья'],['лучше-меньше-да-лучше'],['лучше-меньше-да-лучше'],True,True,,,,False
135,1923.04.17_сталин_выступление.отчет_организационный-отчет_съезд-ркпб-12,1923.04.17,['сталин'],"['выступление', 'отчет']",['организационный-отчет'],['съезд-ркпб-12'],True,True,,,,True
136,1923.04.19_зиновьев_выступление.отчет.доклад.фрагмент_политический-отчет-цк_съезд-ркпб-12,1923.04.19,['зиновьев'],"['выступление', 'отчет', 'доклад', 'фрагмент']",['политический-отчет-цк'],['съезд-ркпб-12'],,False,,,,True
137,1923.04.19_съезд-ркпб-12_резолюция_по-отчету-цк,1923.04.19,['съезд-ркпб-12'],['резолюция'],['по-отчету-цк'],['по-отчету-цк'],False,False,,,,False
138,1923.04.25_съезд-ркпб-12_резолюция_о-постановке-антирелигиозной-агитации-и-пропаганды,1923.04.25,['съезд-ркпб-12'],['резолюция'],['о-постановке-антирелигиозной-агитации-и-пропаганды'],['о-постановке-антирелигиозной-агитации-и-пропаганды'],False,False,,,,False
139,1924.04.16_калинин_выступление.доклад.фрагмент_о-работе-в-деревне_съезд-ркпб-13,1924.04.16,['калинин'],"['выступление', 'доклад', 'фрагмент']",['о-работе-в-деревне'],['съезд-ркпб-13'],,False,,,,True
140,1924.05.27_съезд-ркпб-13_резолюция-фрагмент_по-отчету-цк,1924.05.27,['съезд-ркпб-13'],['резолюция-фрагмент'],['по-отчету-цк'],['по-отчету-цк'],False,False,,,,False
141,1924.05.29_крупская_выступление.фрагмент.доклад_о-работе-в-деревне_съезд-ркпб-13,1924.05.29,['крупская'],"['выступление', 'фрагмент', 'доклад']",['о-работе-в-деревне'],['съезд-ркпб-13'],,False,,,,True
142,1924.05.31_партконференция-13.съезд-ркпб-13.конгресс-коминтерна-5_резолюция_об-итогах-дискуссии-и-о-мелкобуржуазном-уклоне-в-партии_троцкий,1924.05.31,"['партконференция-13', 'съезд-ркпб-13', 'конгресс-коминтерна-5']",['резолюция'],['об-итогах-дискуссии-и-о-мелкобуржуазном-уклоне-в-партии'],['троцкий'],True,False,,,,True
143,1924.05.31_партконференция-13_резолюция_о-партстроительстве-партия-в-условиях-нэпа_нэп,1924.05.31,['партконференция-13'],['резолюция'],['о-партстроительстве-партия-в-условиях-нэпа'],['нэп'],,False,,,,True
144,1924.05.31_съезд-ркпб-13_постановление.фрагмент_о-работе-среди-молодежи,1924.05.31,['съезд-ркпб-13'],"['постановление', 'фрагмент']",['о-работе-среди-молодежи'],['о-работе-среди-молодежи'],False,False,,,,False
145,1924.05.31_съезд-ркпб-13_резолюция.фрагмент_о-работе-в-деревне,1924.05.31,['съезд-ркпб-13'],"['резолюция', 'фрагмент']",['о-работе-в-деревне'],['о-работе-в-деревне'],False,False,,,,False
146,1924.05.31_съезд-ркпб-13_резолюция_о-кооперации,1924.05.31,['съезд-ркпб-13'],['резолюция'],['о-кооперации'],['о-кооперации'],False,False,,,,False
147,1925.04.29_партконференция-14_резолюция.фрагмент_о-возможности-победы-социализма-в-одной-стране.о-задачах-коминтерна-и-ркпб,1925.04.29,['партконференция-14'],"['резолюция', 'фрагмент']","['о-возможности-победы-социализма-в-одной-стране', 'о-задачах-коминтерна-и-ркпб']","['о-возможности-победы-социализма-в-одной-стране', 'о-задачах-коминтерна-и-ркпб']",,False,,,,False
148,1925.12.23_съезд-вкпб-14_резолюция.фрагмент_о-работе-профсоюзов,1925.12.23,['съезд-вкпб-14'],"['резолюция', 'фрагмент']",['о-работе-профсоюзов'],['о-работе-профсоюзов'],False,False,,,,False
149,1925.12.23_съезд-вкпб-14_резолюция_по-отчету-цк,1925.12.23,['съезд-вкпб-14'],['резолюция'],['по-отчету-цк'],['по-отчету-цк'],False,False,,,,False
150,1927.12.03_сталин_выступление.отчет_политический-отчет-цк_съезд-вкпб-15,1927.12.03,['сталин'],"['выступление', 'отчет']",['политический-отчет-цк'],['съезд-вкпб-15'],True,True,,,,True
151,1927.12.11_литвинов_доклад_о-работе-советской-делегации-на-конференции-по-разоружению_конференция-по-разоружению.съезд-вкпб-15,1927.12.11,['литвинов'],['доклад'],['о-работе-советской-делегации-на-конференции-по-разоружению'],"['конференция-по-разоружению', 'съезд-вкпб-15']",,False,,,,True
152,1927.12.19_съезд-вкпб-15_резолюция.фрагмент_о-работе-в-деревне,1927.12.19,['съезд-вкпб-15'],"['резолюция', 'фрагмент']",['о-работе-в-деревне'],['о-работе-в-деревне'],False,False,,,,False
153,1927.12.19_съезд-вкпб-15_резолюция.фрагмент_по-отчету-цк,1927.12.19,['съезд-вкпб-15'],"['резолюция', 'фрагмент']",['по-отчету-цк'],['по-отчету-цк'],False,False,,,,False
154,1929.06.18_президиум-вцспс_постановление_о-работе-клубов-и-красных-уголков,1929.06.18,['президиум-вцспс'],['постановление'],['о-работе-клубов-и-красных-уголков'],['о-работе-клубов-и-красных-уголков'],,False,,,,False
155,1930.01.21_сталин_статья_к-вопросу-о-политике-ликвидации-кулачества-как-класса_раскулачивание,1930.01.21,['сталин'],['статья'],['к-вопросу-о-политике-ликвидации-кулачества-как-класса'],['раскулачивание'],True,True,,,,True
156,1930.06.27_сталин_выступление.отчет_политический-отчет-цк_съезд-вкпб-16,1930.06.27,['сталин'],"['выступление', 'отчет']",['политический-отчет-цк'],['съезд-вкпб-16'],True,True,,,,True
157,1930.07.13_съезд-вкпб-16_резолюция.фрагмент_по-отчету-цк,1930.07.13,['съезд-вкпб-16'],"['резолюция', 'фрагмент']",['по-отчету-цк'],['по-отчету-цк'],False,False,,,,False
158,1930.07.13_съезд-вкпб-16_резолюция_о-выполнении-пятилетнего-плана-промышленности,1930.07.13,['съезд-вкпб-16'],['резолюция'],['о-выполнении-пятилетнего-плана-промышленности'],['о-выполнении-пятилетнего-плана-промышленности'],False,False,,,,False
159,1930.12.21_цк-вкпб.цкк-вкпб_стенограмма.отчет.фрагмент.заседание_прения-по-докладу-куйбышева-о-народно-хозяйственном-плане_отстранение-рыкова-из-снк,1930.12.21,"['цк-вкпб', 'цкк-вкпб']","['стенограмма', 'отчет', 'фрагмент', 'заседание']",['прения-по-докладу-куйбышева-о-народно-хозяйственном-плане'],['отстранение-рыкова-из-снк'],True,False,,,,True
160,1934.01.26_сталин_выступление.отчет.доклад_отчетный-доклад-о-работе-цк_съезд-вкпб-17,1934.01.26,['сталин'],"['выступление', 'отчет', 'доклад']",['отчетный-доклад-о-работе-цк'],['съезд-вкпб-17'],True,True,,,,True
161,1934.01.31_бухарин_выступление.фрагмент_речь-на-17-съезде_германия-и-япония,1934.01.31,['бухарин'],"['выступление', 'фрагмент']",['речь-на-17-съезде'],['германия-и-япония'],,False,,,,True
162,1934.02.10_съезд-вкпб-17_резолюция.фрагмент_о-втором-пятилетнем-плане-развития-народного-хозяйства_2-пятилетка,1934.02.10,['съезд-вкпб-17'],"['резолюция', 'фрагмент']",['о-втором-пятилетнем-плане-развития-народного-хозяйства'],['2-пятилетка'],False,False,,,,True
163,1934.02.10_съезд-вкпб-17_резолюция.фрагмент_партийное-и-советское-строительство.организационные-вопросы,1934.02.10,['съезд-вкпб-17'],"['резолюция', 'фрагмент']","['партийное-и-советское-строительство', 'организационные-вопросы']","['партийное-и-советское-строительство', 'организационные-вопросы']",False,False,,,,False
164,1934.02.21_бюро-обкома-вкпб-асср-нп_постановление_о-формулировке-по-национальному-вопросу,1934.02.21,['бюро-обкома-вкпб-асср-нп'],['постановление'],['о-формулировке-по-национальному-вопросу'],['о-формулировке-по-национальному-вопросу'],False,False,,,,False
165,1934.05.11_правда_газетная-статья_партия-продолжает-проверку-своих-рядов_чистки,1934.05.11,['правда'],['газетная-статья'],['партия-продолжает-проверку-своих-рядов'],['чистки'],,False,,,,True
166,1934.08.02_цк-вкпб.правда_газетная-статья_о-ходе-чистки_чистки,1934.08.02,"['цк-вкпб', 'правда']",['газетная-статья'],['о-ходе-чистки'],['чистки'],True,False,,,,True
167,1937.01.21_съезд-советов-17_постановление_об-утверждении-конституции-рсфср,1937.01.21,['съезд-советов-17'],['постановление'],['об-утверждении-конституции-рсфср'],['об-утверждении-конституции-рсфср'],False,False,,,,False
168,1939.03.10_сталин_выступление.отчет.доклад_отчетный-доклад-цк_съезд-вкпб-18,1939.03.10,['сталин'],"['выступление', 'отчет', 'доклад']",['отчетный-доклад-цк'],['съезд-вкпб-18'],True,True,,,,True
169,1939.03.21_съезд-вкпб-18_резолюция_третий-пятилетний-план-развития-народного-хозяйства_3-пятилетка,1939.03.21,['съезд-вкпб-18'],['резолюция'],['третий-пятилетний-план-развития-народного-хозяйства'],['3-пятилетка'],False,False,,,,True
170,1952.09.29_сталин_выступление.замечания_по-экономическим-вопросам,1952.09.29,['сталин'],"['выступление', 'замечания']",['по-экономическим-вопросам'],['по-экономическим-вопросам'],True,True,,,,False
171,1952.10.05_маленков_выступление.отчет_отчетный-доклад-цк_съезд-кпсс-19,1952.10.05,['маленков'],"['выступление', 'отчет']",['отчетный-доклад-цк'],['съезд-кпсс-19'],,False,,,,True
172,1952.10.13_съезд-кпсс-19_устав_устав-кпсс,1952.10.13,['съезд-кпсс-19'],['устав'],['устав-кпсс'],['устав-кпсс'],False,False,,,,False
173,1952.10.14_сталин_выступление.отчет_заключительная-речь_съезд-кпсс-19,1952.10.14,['сталин'],"['выступление', 'отчет']",['заключительная-речь'],['съезд-кпсс-19'],True,True,,,,True
174,1956.02.24_съезд-кпсс-20_резолюция_по-отчетному-докладу_культ-личности,1956.02.24,['съезд-кпсс-20'],['резолюция'],['по-отчетному-докладу'],['культ-личности'],False,False,,,,True
175,1956.02.25_хрущев_выступление.отчет.доклад_отчетный-доклад-цк_культ-личности,1956.02.25,['хрущев'],"['выступление', 'отчет', 'доклад']",['отчетный-доклад-цк'],['культ-личности'],True,True,,,,True
176,1959.02.05_съезд-кпсс-21_доклад.фрагмент_контрольные-цифры-народного-хозяйства,1959.02.05,['съезд-кпсс-21'],"['доклад', 'фрагмент']",['контрольные-цифры-народного-хозяйства'],['контрольные-цифры-народного-хозяйства'],False,False,,,,False
177,1959.02.05_съезд-кпсс-21_резолюция.фрагмент_по-докладу-контрольные-цифры-народного-хозяйства,1959.02.05,['съезд-кпсс-21'],"['резолюция', 'фрагмент']",['по-докладу-контрольные-цифры-народного-хозяйства'],['по-докладу-контрольные-цифры-народного-хозяйства'],False,False,,,,False
178,1959.06.29_пленум-цк-кпсс_постановление_о-работе-партийных-организаций,1959.06.29,['пленум-цк-кпсс'],['постановление'],['о-работе-партийных-организаций'],['о-работе-партийных-организаций'],False,False,,,,False
179,1959.07.15_пленум-цк-кпсс_постановление_о-развитии-промышленности,1959.07.15,['пленум-цк-кпсс'],['постановление'],['о-развитии-промышленности'],['о-развитии-промышленности'],False,False,,,,False
180,1961.10.17_хрущев_выступление.отчет_отчетный-доклад-цк_съезд-кпсс-22,1961.10.17,['хрущев'],"['выступление', 'отчет']",['отчетный-доклад-цк'],['съезд-кпсс-22'],True,True,,,,True
181,1961.10.31_съезд-кпсс-22_программа-партии_программа-кпсс,1961.10.31,['съезд-кпсс-22'],['программа-партии'],['программа-кпсс'],['программа-кпсс'],False,False,,,,False
182,1961.10.31_съезд-кпсс-22_резолюция.фрагмент_по-отчету-цк,1961.10.31,['съезд-кпсс-22'],"['резолюция', 'фрагмент']",['по-отчету-цк'],['по-отчету-цк'],False,False,,,,False
183,1966.03.29_брежнев_выступление.отчет_отчетный-доклад-цк_съезд-кпсс-23,1966.03.29,['брежнев'],"['выступление', 'отчет']",['отчетный-доклад-цк'],['съезд-кпсс-23'],True,True,,,,True
184,1966.04.08_брежнев_выступление_заключительное-слово_съезд-кпсс-23,1966.04.08,['брежнев'],['выступление'],['заключительное-слово'],['съезд-кпсс-23'],True,True,,,,True
185,1966.04.08_съезд-кпсс-23.другие_выступление_обсуждение-отчетного-доклада,1966.04.08,"['съезд-кпсс-23', 'другие']",['выступление'],['обсуждение-отчетного-доклада'],['обсуждение-отчетного-доклада'],True,False,,,,False
186,1966.04.08_съезд-кпсс-23_резолюция_по-отчету-цк,1966.04.08,['съезд-кпсс-23'],['резолюция'],['по-отчету-цк'],['по-отчету-цк'],False,False,,,,False
187,1969.12.15_брежнев_выступление_выступление-перед-съездом_пленум-цк-кпсс-1969,1969.12.15,['брежнев'],['выступление'],['выступление-перед-съездом'],['пленум-цк-кпсс-1969'],True,True,,,,True
188,1971.03.30_брежнев_выступление.отчет.доклад_отчетный-доклад-цк_съезд-кпсс-24,1971.03.30,['брежнев'],"['выступление', 'отчет', 'доклад']",['отчетный-доклад-цк'],['съезд-кпсс-24'],True,True,,,,True
189,1971.04.09_брежнев_выступление_заключительное-слово_съезд-кпсс-24,1971.04.09,['брежнев'],['выступление'],['заключительное-слово'],['съезд-кпсс-24'],True,True,,,,True
190,1971.04.09_съезд-кпсс-24.другие_выступление_обсуждение-отчетного-доклада,1971.04.09,"['съезд-кпсс-24', 'другие']",['выступление'],['обсуждение-отчетного-доклада'],['обсуждение-отчетного-доклада'],True,False,,,,False
191,1971.04.09_съезд-кпсс-24_резолюция.фрагмент_по-отчетному-докладу,1971.04.09,['съезд-кпсс-24'],"['резолюция', 'фрагмент']",['по-отчетному-докладу'],['по-отчетному-докладу'],False,False,,,,False
192,1975.08.19_цк-кпсс_постановление_о-социалистическом-соревновании-за-достойную-встречу-25-съезда-кпсс_съезд-кпсс-25,1975.08.19,['цк-кпсс'],['постановление'],['о-социалистическом-соревновании-за-достойную-встречу-25-съезда-кпсс'],['съезд-кпсс-25'],False,False,,,,True
193,1976.02.24_брежнев_выступление.отчет.доклад_отчетный-доклад-цк_съезд-кпсс-25,1976.02.24,['брежнев'],"['выступление', 'отчет', 'доклад']",['отчетный-доклад-цк'],['съезд-кпсс-25'],True,True,,,,True
194,1976.03.03_съезд-кпсс-25_постановление_по_проекту_цк.основные-направления-народного-хозяйства,1976.03.03,['съезд-кпсс-25'],['постановление'],['по'],['проекту'],False,False,,,,True
195,1981.02.23_брежнев_выступление.отчет.доклад_отчетный-доклад-цк_съезд-кпсс-26,1981.02.23,['брежнев'],"['выступление', 'отчет', 'доклад']",['отчетный-доклад-цк'],['съезд-кпсс-26'],True,True,,,,True
196,1981.08.11_цк-кпсс_постановление_о-совершенствовании-контроля-и-проверки-исполнения_съезд-кпсс-26,1981.08.11,['цк-кпсс'],['постановление'],['о-совершенствовании-контроля-и-проверки-исполнения'],['съезд-кпсс-26'],False,False,,,,True
197,1986.02.25_горбачев-кпсс27_выступление.отчет.доклад_политический-доклад,1986.02.25,['горбачев-кпсс27'],"['выступление', 'отчет', 'доклад']",['политический-доклад'],['политический-доклад'],False,False,,,,False
198,1986.03.03_рыжков-кпсс27_выступление.отчет.доклад_эконом-соц-развитие,1986.03.03,['рыжков-кпсс27'],"['выступление', 'отчет', 'доклад']",['эконом-соц-развитие'],['эконом-соц-развитие'],False,False,,,,False
199,1986.03.06_горбачев-кпсс27_выступление_заключительная-речь,1986.03.06,['горбачев-кпсс27'],['выступление'],['заключительная-речь'],['заключительная-речь'],False,False,,,,False
200,1986.03.06_кпсс27_выступление_обсуждение-доклада-эконом-развития,1986.03.06,['кпсс27'],['выступление'],['обсуждение-доклада-эконом-развития'],['обсуждение-доклада-эконом-развития'],False,False,,,,False
201,1986.03.06_кпсс27_выступление_обсуждение-политического-доклада,1986.03.06,['кпсс27'],['выступление'],['обсуждение-политического-доклада'],['обсуждение-политического-доклада'],False,False,,,,False
202,1986.03.07_кпсс27_постановление_по-докладу-соц-эконом-развития,1986.03.07,['кпсс27'],['постановление'],['по-докладу-соц-эконом-развития'],['по-докладу-соц-эконом-развития'],False,False,,,,False
203,1986.03.07_кпсс27_программа_программа-кпсс,1986.03.07,['кпсс27'],['программа'],['программа-кпсс'],['программа-кпсс'],False,False,,,,False
204,1986.03.07_кпсс27_резолюция_по-политическому-докладу,1986.03.07,['кпсс27'],['резолюция'],['по-политическому-докладу'],['по-политическому-докладу'],False,False,,,,False
205,1986.03.07_кпсс27_устав_устав-кпсс,1986.03.07,['кпсс27'],['устав'],['устав-кпсс'],['устав-кпсс'],False,False,,,,False
206,1988.06.28_горбачев-партконференция19_выступление.доклад_задачи-по-углублению-перестройки,1988.06.28,['горбачев-партконференция19'],"['выступление', 'доклад']",['задачи-по-углублению-перестройки'],['задачи-по-углублению-перестройки'],,False,,,,False
207,1988.06.30_партконференция19_обсуждение_обсуждение-доклада-задачи-по-углублению-перестройки copy,1988.06.30,['партконференция19'],['обсуждение'],['обсуждение-доклада-задачи-по-углублению-перестройки copy'],['обсуждение-доклада-задачи-по-углублению-перестройки copy'],,False,,,,False
208,1988.07.01_горбачев-партконференция19_выступление_заключительная-речь,1988.07.01,['горбачев-партконференция19'],['выступление'],['заключительная-речь'],['заключительная-речь'],,False,,,,False
209,1988.07.01_партконференция19_обсуждение_обсуждение-резолюции-задачи-по-углублению-перестройки copy 2,1988.07.01,['партконференция19'],['обсуждение'],['обсуждение-резолюции-задачи-по-углублению-перестройки copy 2'],['обсуждение-резолюции-задачи-по-углублению-перестройки copy 2'],,False,,,,False
210,1988.07.01_партконференция19_резолюция_задачи-по-углублению-перестройки copy 3,1988.07.01,['партконференция19'],['резолюция'],['задачи-по-углублению-перестройки copy 3'],['задачи-по-углублению-перестройки copy 3'],,False,,,,False
211,1988.07.01_партконференция19_резолюция_неотложные-меры,1988.07.01,['партконференция19'],['резолюция'],['неотложные-меры'],['неотложные-меры'],,False,,,,False
212,1988.07.01_партконференция19_резолюция_о-демократизации-советского-общества,1988.07.01,['партконференция19'],['резолюция'],['о-демократизации-советского-общества'],['о-демократизации-советского-общества'],,False,,,,False
213,1988.07.01_партконференция19_резолюция_о-межнациональных-отношениях,1988.07.01,['партконференция19'],['резолюция'],['о-межнациональных-отношениях'],['о-межнациональных-отношениях'],,False,,,,False
214,1988.07.01_партконференция19_резолюция_о-правовой-реформе,1988.07.01,['партконференция19'],['резолюция'],['о-правовой-реформе'],['о-правовой-реформе'],,False,,,,False
215,1988.12.07_горбачев_выступление_выступление-в-оон,1988.12.07,['горбачев'],['выступление'],['выступление-в-оон'],['выступление-в-оон'],True,True,,,,False
216,1989.07.06_горбачев_выступление_выступление-в-совете-европы,1989.07.06,['горбачев'],['выступление'],['выступление-в-совете-европы'],['выступление-в-совете-европы'],True,True,,,,False
217,1990.07.02_горбачев-кпсс28_выступление.доклад_политический-отчет,1990.07.02,['горбачев-кпсс28'],"['выступление', 'доклад']",['политический-отчет'],['политический-отчет'],False,False,,,,False
218,1990.07.02_горбачев_выступление.обращение.обращение-к-гражданам_отставка,1990.07.02,['горбачев'],"['выступление', 'обращение', 'обращение-к-гражданам']",['отставка'],['отставка'],True,True,,,,False
219,1990.07.07_кпсс28_выступление.обсуждение_обсуждение-политического-доклада,1990.07.07,['кпсс28'],"['выступление', 'обсуждение']",['обсуждение-политического-доклада'],['обсуждение-политического-доклада'],False,False,,,,False
220,1990.07.07_кпсс28_программное-заявление_к-гуманному-демократическому-социализму,1990.07.07,['кпсс28'],['программное-заявление'],['к-гуманному-демократическому-социализму'],['к-гуманному-демократическому-социализму'],False,False,,,,False
221,1995.02.16_ельцин_выступление.послание_послание-федеральному-собранию,1995.02.16,['ельцин'],"['выступление', 'послание']",['послание-федеральному-собранию'],['послание-федеральному-собранию'],True,True,,,,False
222,1996.02.23_ельцин_выступление.послание_послание-федеральному-собранию,1996.02.23,['ельцин'],"['выступление', 'послание']",['послание-федеральному-собранию'],['послание-федеральному-собранию'],True,True,,,,False
223,1997.03.06_ельцин_выступление.послание_послание-федеральному-собранию,1997.03.06,['ельцин'],"['выступление', 'послание']",['послание-федеральному-собранию'],['послание-федеральному-собранию'],True,True,,,,False
224,1998.02.17_ельцин_выступление.послание_послание-федеральному-собранию,1998.02.17,['ельцин'],"['выступление', 'послание']",['послание-федеральному-собранию'],['послание-федеральному-собранию'],True,True,,,,False
225,1999.03.30_ельцин_выступление.послание_послание-федеральному-собранию,1999.03.30,['ельцин'],"['выступление', 'послание']",['послание-федеральному-собранию'],['послание-федеральному-собранию'],True,True,,,,False
226,2000.07.08_путин_выступление.послание_послание-федеральному-собранию,2000.07.08,['путин'],"['выступление', 'послание']",['послание-федеральному-собранию'],['послание-федеральному-собранию'],True,True,,,,False
227,2001.04.03_путин_выступление.послание_послание-федеральному-собранию copy,2001.04.03,['путин'],"['выступление', 'послание']",['послание-федеральному-собранию copy'],['послание-федеральному-собранию copy'],True,True,,,,False
228,2002.04.18_путин_выступление.послание_послание-федеральному-собранию,2002.04.18,['путин'],"['выступление', 'послание']",['послание-федеральному-собранию'],['послание-федеральному-собранию'],True,True,,,,False
229,2003.05.16_путин_выступление.послание_послание-федеральному-собранию,2003.05.16,['путин'],"['выступление', 'послание']",['послание-федеральному-собранию'],['послание-федеральному-собранию'],True,True,,,,False
230,2004.05.26_путин_выступление.послание_послание-федеральному-собранию,2004.05.26,['путин'],"['выступление', 'послание']",['послание-федеральному-собранию'],['послание-федеральному-собранию'],True,True,,,,False
231,2005.04.25_путин_выступление.послание_послание-федеральному-собранию,2005.04.25,['путин'],"['выступление', 'послание']",['послание-федеральному-собранию'],['послание-федеральному-собранию'],True,True,,,,False
232,2006.05.10_путин_выступление.послание_послание-федеральному-собранию,2006.05.10,['путин'],"['выступление', 'послание']",['послание-федеральному-собранию'],['послание-федеральному-собранию'],True,True,,,,False
233,2007.04.26_путин_выступление.послание_послание-федеральному-собранию,2007.04.26,['путин'],"['выступление', 'послание']",['послание-федеральному-собранию'],['послание-федеральному-собранию'],True,True,,,,False
234,2008.11.05_медведев_выступление.расшифровка.послание_послание-федеральному-собранию,2008.11.05,['медведев'],"['выступление', 'расшифровка', 'послание']",['послание-федеральному-собранию'],['послание-федеральному-собранию'],,False,,,,False
235,2009.11.12_медведев_выступление.послание_послание-федеральному-собранию,2009.11.12,['медведев'],"['выступление', 'послание']",['послание-федеральному-собранию'],['послание-федеральному-собранию'],,False,,,,False
236,2010.11.30_медведев_выступление.послание_послание-федеральному-собранию,2010.11.30,['медведев'],"['выступление', 'послание']",['послание-федеральному-собранию'],['послание-федеральному-собранию'],,False,,,,False
237,2011.12.22_медведев_выступление.послание_послание-федеральному-собранию,2011.12.22,['медведев'],"['выступление', 'послание']",['послание-федеральному-собранию'],['послание-федеральному-собранию'],,False,,,,False
238,2012.12.12_медведев_выступление.послание_послание-федеральному-собранию,2012.12.12,['медведев'],"['выступление', 'послание']",['послание-федеральному-собранию'],['послание-федеральному-собранию'],,False,,,,False
239,2013.12.12_путин_выступление.послание_послание-федеральному-собранию,2013.12.12,['путин'],"['выступление', 'послание']",['послание-федеральному-собранию'],['послание-федеральному-собранию'],True,True,,,,False
240,2014.03.18_путин_выступление.послание.внеочередное_послание-федеральному-собранию-крым,2014.03.18,['путин'],"['выступление', 'послание', 'внеочередное']",['послание-федеральному-собранию-крым'],['послание-федеральному-собранию-крым'],True,True,,,,False
241,2014.12.04_путин_выступление.послание_послание-федеральному-собранию,2014.12.04,['путин'],"['выступление', 'послание']",['послание-федеральному-собранию'],['послание-федеральному-собранию'],True,True,,,,False
242,2015.12.03_путин_выступление.послание_послание-федеральному-собранию,2015.12.03,['путин'],"['выступление', 'послание']",['послание-федеральному-собранию'],['послание-федеральному-собранию'],True,True,,,,False
243,2016.12.01_путин_выступление.послание_послание-федеральному-собранию,2016.12.01,['путин'],"['выступление', 'послание']",['послание-федеральному-собранию'],['послание-федеральному-собранию'],True,True,,,,False
244,2018.03.01_путин_выступление.послание_послание-федеральному-собранию,2018.03.01,['путин'],"['выступление', 'послание']",['послание-федеральному-собранию'],['послание-федеральному-собранию'],True,True,,,,False
245,2019.02.20_путин_выступление.послание_послание-федеральному-собранию,2019.02.20,['путин'],"['выступление', 'послание']",['послание-федеральному-собранию'],['послание-федеральному-собранию'],True,True,,,,False
246,2020.01.15_путин_выступление.послание_послание-федеральному-собранию,2020.01.15,['путин'],"['выступление', 'послание']",['послание-федеральному-собранию'],['послание-федеральному-собранию'],True,True,,,,False
247,2021.04.21_путин_выступление.послание_послание-федеральному-собранию,2021.04.21,['путин'],"['выступление', 'послание']",['послание-федеральному-собранию'],['послание-федеральному-собранию'],True,True,,,,False
248,2023.02.21_путин_выступление.послание_послание-федеральному-собранию,2023.02.21,['путин'],"['выступление', 'послание']",['послание-федеральному-собранию'],['послание-федеральному-собранию'],True,True,,,,False
249,2024.02.29_путин_выступление.послание_послание-федеральному-собранию,2024.02.29,['путин'],"['выступление', 'послание']",['послание-федеральному-собранию'],['послание-федеральному-собранию'],True,True,,,,False
